Workbook

Sheet Cover
D4: Schéma directeur / Plan stratégique à 10 ans cloud et datacenters
D5: Modélisation de la demande IT Horizon 2035

Sheet 1_Inputs&Hyp
B2: Inputs & Hypothèses
B6: A. | D6: Baseline 2026
D8: Bloc | E8: Unité | F8: Baseline IT 2026 | G8: Source / commentaire
D9: DSP | E9: kW | F9: 80 | G9: Hypothèse RB sur la base des entretiens
D10: DENJS | E10: kW | F10: 10 | G10: Hypothèse RB sur la base des entretiens
D11: APDP | E11: kW | F11: 10 | G11: Hypothèse RB sur la base des entretiens
D12: DITN | E12: kW | F12: 80 | G12: Hypothèse RB sur la base des entretiens
D13: CHPG | E13: kW | F13: 80 | G13: Hypothèse RB sur la base des entretiens
D14: Monaco Telecom – besoins propres | E14: kW | F14: =F25*10% | G14: Hypothèse RB sur la base des entretiens
D15: Finance | E15: kW | F15: voir onglet calcul | G15: à calculer à partir du modèle
D16: Privé hors finance | E16: kW | F16: voir onglet calcul | G16: à calculer à partir du modèle
D19: Bloc | E19: Unité | F19: Driver / volume 2026 | G19: Source / commentaire
D20: DSP | E20: agents | F20: 628 | G20: Hypothèse RB sur la base des entretiens
D21: DENJS | E21: kW | G21: Hypothèse RB sur la base des entretiens
D22: APDP | E22: kW | G22: Hypothèse RB sur la base des entretiens
D23: DITN | E23: kW | G23: Hypothèse RB sur la base des entretiens
D24: CHPG | E24: kW | G24: Hypothèse RB sur la base des entretiens
D25: Monaco Telecom – besoins propres | E25: kW capacité commerciale | F25: 1600 | G25: Hypothèse RB sur la base des entretiens (10% de la capa commerciale installée)
D26: Finance | E26: salariés | F26: 5000 | G26: 60 454 salariés privés – 4 534 finance (IMSEE, 2024)
D27: Privé hors finance | E27: salariés | F27: 55920 | G27: 60 454 salariés privés – 4 534 finance (IMSEE, 2024)
B31: B. | D31: Hypothèses hors DSP, CHPG
D33: Hypothèse | E33: Unité | F33: Scénario Bas | G33: Scénario Central | H33: Scénario Haut | I33: Source / rationnel
D34: Croissance annuelle effectifs publics | E34: % p.a. | F34: 0 | G34: 0.005 | H34: 0.01 | I34: Hypothèse de travail
D35: Croissance annuelle effectifs finance | E35: % p.a. | F35: 0 | G35: 0.005 | H35: 0.01 | I35: Hypothèse de travail
D36: Croissance annuelle effectifs privé hors finance | E36: % p.a. | F36: 0 | G36: 0.005 | H36: 0.01 | I36: Hypothèse de travail
D37: Croissance annuelle intensité numérique hors IA – public | E37: % p.a. | F37: 0.02 | G37: 0.04 | H37: 0.06 | I37: Hypothèse de travail – besoin IT / utilisateur
D38: Croissance annuelle intensité numérique hors IA – finance | E38: % p.a. | F38: 0.03 | G38: 0.05 | H38: 0.07 | I38: Hypothèse de travail – finance plus data-intensive
D39: Croissance annuelle intensité numérique hors IA – hors finance | E39: % p.a. | F39: 0.02 | G39: 0.04 | H39: 0.06 | I39: Hypothèse de travail
D40: Surcouche IA 2035 – public | E40: % | F40: 0.05 | G40: 0.15 | H40: 0.35 | I40: Hypothèse de travail
D41: Surcouche IA 2035 – finance | E41: % | F41: 0.1 | G41: 0.25 | H41: 0.45 | I41: Hypothèse de travail
D42: Surcouche IA 2035 – hors finance | E42: % | F42: 0.05 | G42: 0.15 | H42: 0.3 | I42: Hypothèse de travail
D43: W IT / salarié finance – 2026 | E43: W / salarié | F43: 80 | G43: 80 | H43: 80 | I43: Hypothèse de travail
D44: W IT / salarié hors finance – 2026 | E44: W / salarié | F44: 30 | G44: 30 | H44: 30 | I44: Hypothèse de travail
D45: W IT / agent public – socle non-métier DSP | E45: W / agent | F45: 30 | G45: 30 | H45: 30 | I45: Hypothèse de travail
... D51: Part adressable Monaco – surcouche IA hors finance | E51: % | F51: 0.1 | G51: 0.3 | H51: 0.6 | I51: Externalisée / hybride / locale
B54: C. | D54: Hypothèses DSP – applications métier (vidéo)
D56: Hypothèse | E56: Unité | F56: Valeur | G56: Type | H56: Source / rationnel
D57: Caméras 2026 | E57: caméras | F57: 1500 | G57: Input | H57: Donnée équipe projet
D58: Ajout annuel de caméras | E58: caméras / an | F58: 50 | G58: Input | H58: Donnée équipe projet
D59: Caméras 2035 | E59: caméras | F59: =F57+9*F58 | G59: Formule | H59: 2026 + 9 × ajout annuel
D60: Résolution actuelle | E60: MP | F60: 2 | G60: Input | H60: Donnée équipe projet
D61: Résolution cible 2035 | E61: MP | F61: 8 | G61: Input | H61: Donnée équipe projet – 4K
D62: Facteur bitrate 8MP / 2MP | E62: x | F62: 3.953125 | G62: Benchmark | H62: Axis H.265, 24–30 fps : 2.53 / 0.64 Mb/s
B64: D. | D64: Hypothèses CHPG
D66: Hypothèse | E66: Unité | F66: Scénario Bas | G66: Scénario Central | H66: Scénario Haut
D67: Croissance annuelle activité CHPG | E67: % p.a. | F67: 0 | G67: 0.005 | H67: 0.01
D68: Surcroît métier santé / digitalisation 2035 | E68: % | F68: 0.05 | G68: 0.1 | H68: 0.2
D71: E. Sources principales
D72: IMSEE – Monaco en chiffres 2025 | E72: https://www.imsee.mc/Publications/Monaco-en-chiffres-edition-2025 | F72: Effectifs privés / finance – données 2024
D73: IMSEE – Emploi | E73: https://www.imsee.mc/Population-et-emploi/Emploi | F73: Effectifs salariés privé / public
D74: Axis – Surveillance Card selector | E74: https://www.axis.com/en-be/products/axis-surveillance-card-256-gb | F74: Bitrates indicatifs 2MP / 8MP H.265
D75: Cisco – Green Office Design | E75: https://www.cisco.com/c/dam/en_us/about/ciscoitatwork/downloads/ciscoitatwork/pdf/Cisco_IT_Case_Study_Green_Office_Design.pdf | F75: Contexte énergie IT de bureau ; non utilisé comme ratio DC direct

Sheet 2_Calculs
B2: Calculs
B6: A. | D6: Baseline besoins d'hébergement 2026
D8: Bloc | E8: Unité | F8: Baseline 2026 | G8: Métier 2026 | H8: Non-métier 2026 (kW)
D9: DSP | E9: kW | F9: ='1_Inputs&Hyp'!F9 | G9: =F9-H9 | H9: =F21*G21/1000
D10: DENJS | E10: kW | F10: ='1_Inputs&Hyp'!F10 | G10: 0 | H10: =F10
D11: APDP | E11: kW | F11: ='1_Inputs&Hyp'!F11 | G11: 0 | H11: =F11
D12: DITN | E12: kW | F12: ='1_Inputs&Hyp'!F12 | G12: 0 | H12: =F12
D13: CHPG | E13: kW | F13: ='1_Inputs&Hyp'!F13 | G13: =F13 | H13: 0
D14: Monaco Telecom | E14: kW | F14: ='1_Inputs&Hyp'!F14 | G14: 0 | H14: =F14
D15: Finance | E15: kW | F15: ='1_Inputs&Hyp'!F26*F43/1000 | G15: 0 | H15: =F15
D16: Privé hors finance | E16: kW | F16: ='1_Inputs&Hyp'!F27*F44/1000 | G16: 0 | H16: =F16
D17: TOTAL | E17: kW | F17: =SUM(F9:F16) | G17: =SUM(G9:G16) | H17: =SUM(H9:H16)
D20: Bloc | E20: Unité | F20: Effectifs / driver | G20: W IT / utilisateur | H20: Commentaire
D21: DSP | E21: W IT / Utilisateur | F21: ='1_Inputs&Hyp'!F20 | G21: =F45 | H21: DSP : résiduel vidéo après socle agents
D22: DENJS | E22: n.a. | H22: Projection générique public
D23: APDP | E23: n.a. | H23: Projection générique public
D24: DITN | E24: n.a. | H24: Projection générique public
D25: CHPG | E25: n.a. | H25: CHPG : activité + intensité + digitalisation métier
D26: Monaco Telecom | E26: n.a. | H26: Besoins propres uniquement
D27: Finance | E27: W IT / Utilisateur | F27: ='1_Inputs&Hyp'!F26 | G27: =F43 | H27: Effectifs × W/salarié
D28: Privé hors finance | E28: W IT / Utilisateur | F28: ='1_Inputs&Hyp'!F27 | G28: =F44 | H28: Effectifs × W/salarié
D29: TOTAL
B31: B. | D31: Hypothèses par scénario
D33: Hypothèse | E33: Unité | F33: Scénario Bas | G33: Scénario Central | H33: Scénario Haut
D34: Croissance annuelle effectifs publics | E34: % p.a. | F34: ='1_Inputs&Hyp'!F34 | G34: ='1_Inputs&Hyp'!G34 | H34: ='1_Inputs&Hyp'!H34
D35: Croissance annuelle effectifs finance | E35: % p.a. | F35: ='1_Inputs&Hyp'!F35 | G35: ='1_Inputs&Hyp'!G35 | H35: ='1_Inputs&Hyp'!H35
D36: Croissance annuelle effectifs privé hors finance | E36: % p.a. | F36: ='1_Inputs&Hyp'!F36 | G36: ='1_Inputs&Hyp'!G36 | H36: ='1_Inputs&Hyp'!H36
D37: Croissance annuelle intensité numérique hors IA – public | E37: % p.a. | F37: ='1_Inputs&Hyp'!F37 | G37: ='1_Inputs&Hyp'!G37 | H37: ='1_Inputs&Hyp'!H37
D38: Croissance annuelle intensité numérique hors IA – finance | E38: % p.a. | F38: ='1_Inputs&Hyp'!F38 | G38: ='1_Inputs&Hyp'!G38 | H38: ='1_Inputs&Hyp'!H38
D39: Croissance annuelle intensité numérique hors IA – hors finance | E39: % p.a. | F39: ='1_Inputs&Hyp'!F39 | G39: ='1_Inputs&Hyp'!G39 | H39: ='1_Inputs&Hyp'!H39
D40: Surcouche IA 2035 – public | E40: % | F40: ='1_Inputs&Hyp'!F40 | G40: ='1_Inputs&Hyp'!G40 | H40: ='1_Inputs&Hyp'!H40
D41: Surcouche IA 2035 – finance | E41: % | F41: ='1_Inputs&Hyp'!F41 | G41: ='1_Inputs&Hyp'!G41 | H41: ='1_Inputs&Hyp'!H41
D42: Surcouche IA 2035 – hors finance | E42: % | F42: ='1_Inputs&Hyp'!F42 | G42: ='1_Inputs&Hyp'!G42 | H42: ='1_Inputs&Hyp'!H42
D43: W IT / salarié finance – 2026 | E43: W | F43: ='1_Inputs&Hyp'!F43 | G43: ='1_Inputs&Hyp'!G43 | H43: ='1_Inputs&Hyp'!H43
D44: W IT / salarié hors finance – 2026 | E44: W | F44: ='1_Inputs&Hyp'!F44 | G44: ='1_Inputs&Hyp'!G44 | H44: ='1_Inputs&Hyp'!H44
D45: W IT / agent public – socle non-métier DSP | E45: W | F45: ='1_Inputs&Hyp'!F45 | G45: ='1_Inputs&Hyp'!G45 | H45: ='1_Inputs&Hyp'!H45
... D51: Part adressable Monaco – surcouche IA hors finance | E51: % | F51: ='1_Inputs&Hyp'!F51 | G51: ='1_Inputs&Hyp'!G51 | H51: ='1_Inputs&Hyp'!H51
B54: C. | D54: Projection 2035 – besoin IT généré et demande adressable
C56: 1. | D56: Scénario bas
D58: Bloc | E58: Baseline 2026 | F58: Croissance activité / effectifs | G58: Croissance intensité | H58: Facteur de croissance métier | I58: Besoin hors IA 2035 | J58: Surcouche IA | K58: Besoin IA | L58: Besoin total 2035 | M58: Adressable socle [%] | N58: Adressable IA [%] | O58: Demande adressable 2035 [kW IT] | P58: Demande adressable 2035 [MW IT]
D59: DSP | E59: =F$9 | F59: =(1+_xlfn.XLOOKUP($D$56,$F$33:$H$33,$F$34:$H$34))^9 | G59: =(1+_xlfn.XLOOKUP($D$56,$F$33:$H$33,$F$37:$H$37))^9 | H59: =('1_Inputs&Hyp'!F59/'1_Inputs&Hyp'!F57)*'1_Inputs&Hyp'!F62 | I59: =H$9*F59*G59+G$9*H59*1.1 | J59: =_xlfn.XLOOKUP($D$56,$F$33:$H$33,$F$40:$H$40) | K59: =I59*J59 | L59: =I59+K59 | M59: =_xlfn.XLOOKUP($D$56,$F$33:$H$33,$F$46:$H$46) | N59: =_xlfn.XLOOKUP($D$56,$F$33:$H$33,$F$49:$H$49) | O59: =I59*M59+K59*N59 | P59: =O59/1000 | R59: =O59
D60: DENJS | E60: =F$10 | F60: =(1+_xlfn.XLOOKUP($D$56,$F$33:$H$33,$F$34:$H$34))^9 | G60: =(1+_xlfn.XLOOKUP($D$56,$F$33:$H$33,$F$37:$H$37))^9 | H60: 1 | I60: =E60*F60*G60 | J60: =_xlfn.XLOOKUP($D$56,$F$33:$H$33,$F$40:$H$40) | K60: =I60*J60 | L60: =I60+K60 | M60: =_xlfn.XLOOKUP($D$56,$F$33:$H$33,$F$46:$H$46) | N60: =_xlfn.XLOOKUP($D$56,$F$33:$H$33,$F$49:$H$49) | O60: =I60*M60+K60*N60 | P60: =O60/1000 | R60: =O60+O61+O62
D61: APDP | E61: =F$11 | F61: =(1+_xlfn.XLOOKUP($D$56,$F$33:$H$33,$F$34:$H$34))^9 | G61: =(1+_xlfn.XLOOKUP($D$56,$F$33:$H$33,$F$37:$H$37))^9 | H61: 1 | I61: =E61*F61*G61 | J61: =_xlfn.XLOOKUP($D$56,$F$33:$H$33,$F$40:$H$40) | K61: =I61*J61 | L61: =I61+K61 | M61: =_xlfn.XLOOKUP($D$56,$F$33:$H$33,$F$46:$H$46) | N61: =_xlfn.XLOOKUP($D$56,$F$33:$H$33,$F$49:$H$49) | O61: =I61*M61+K61*N61 | P61: =O61/1000 | R61: =O63
D62: DITN | E62: =F$12 | F62: =(1+_xlfn.XLOOKUP($D$56,$F$33:$H$33,$F$34:$H$34))^9 | G62: =(1+_xlfn.XLOOKUP($D$56,$F$33:$H$33,$F$37:$H$37))^9 | H62: 1 | I62: =E62*F62*G62 | J62: =_xlfn.XLOOKUP($D$56,$F$33:$H$33,$F$40:$H$40) | K62: =I62*J62 | L62: =I62+K62 | M62: =_xlfn.XLOOKUP($D$56,$F$33:$H$33,$F$46:$H$46) | N62: =_xlfn.XLOOKUP($D$56,$F$33:$H$33,$F$49:$H$49) | O62: =I62*M62+K62*N62 | P62: =O62/1000 | R62: =O64
D63: CHPG | E63: =F$13 | F63: =(1+_xlfn.XLOOKUP(D56,'1_Inputs&Hyp'!$F$66:$H$66,'1_Inputs&Hyp'!$F$67:$H$67))^9 | G63: =(1+_xlfn.XLOOKUP($D$56,$F$33:$H$33,$F$37:$H$37))^9 | H63: =(1+_xlfn.XLOOKUP(D56,'1_Inputs&Hyp'!$F$66:$H$66,'1_Inputs&Hyp'!$F$68:$H$68))^9 | I63: =H$13*F63*G63+G$13*H63 | J63: =_xlfn.XLOOKUP($D$56,$F$33:$H$33,$F$40:$H$40) | K63: =I63*J63 | L63: =I63+K63 | M63: =_xlfn.XLOOKUP($D$56,$F$33:$H$33,$F$46:$H$46) | N63: =_xlfn.XLOOKUP($D$56,$F$33:$H$33,$F$49:$H$49) | O63: =I63*M63+K63*N63 | P63: =O63/1000 | R63: =O65
D64: Monaco Telecom | E64: =F$14 | F64: =(1+_xlfn.XLOOKUP($D$56,$F$33:$H$33,$F$36:$H$36))^9 | G64: =(1+_xlfn.XLOOKUP($D$56,$F$33:$H$33,$F$39:$H$39))^9 | H64: 1 | I64: =E64*F64*G64 | J64: =_xlfn.XLOOKUP($D$56,$F$33:$H$33,$F$42:$H$42) | K64: =I64*J64 | L64: =I64+K64 | M64: =_xlfn.XLOOKUP($D$56,$F$33:$H$33,$F$46:$H$46) | N64: =_xlfn.XLOOKUP($D$56,$F$33:$H$33,$F$51:$H$51) | O64: =I64*M64+K64*N64 | P64: =O64/1000 | R64: =O66
D65: Finance | E65: =F$15 | F65: =(1+_xlfn.XLOOKUP($D$56,$F$33:$H$33,$F$35:$H$35))^9 | G65: =(1+_xlfn.XLOOKUP($D$56,$F$33:$H$33,$F$38:$H$38))^9 | H65: 1 | I65: =IF(E65>0,E65*F65*G65,0) | J65: =_xlfn.XLOOKUP($D$56,$F$33:$H$33,$F$41:$H$41) | K65: =I65*J65 | L65: =I65+K65 | M65: =_xlfn.XLOOKUP($D$56,$F$33:$H$33,$F$47:$H$47) | N65: =_xlfn.XLOOKUP($D$56,$F$33:$H$33,$F$50:$H$50) | O65: =I65*M65+K65*N65 | P65: =O65/1000
D66: Privé hors finance | E66: =F$16 | F66: =(1+_xlfn.XLOOKUP($D$56,$F$33:$H$33,$F$36:$H$36))^9 | G66: =(1+_xlfn.XLOOKUP($D$56,$F$33:$H$33,$F$39:$H$39))^9 | H66: 1 | I66: =E66*F66*G66 | J66: =_xlfn.XLOOKUP($D$56,$F$33:$H$33,$F$42:$H$42) | K66: =I66*J66 | L66: =I66+K66 | M66: =_xlfn.XLOOKUP($D$56,$F$33:$H$33,$F$48:$H$48) | N66: =_xlfn.XLOOKUP($D$56,$F$33:$H$33,$F$51:$H$51) | O66: =ROUND(I66*M66+K66*N66,0) | P66: =O66/1000
D68: TOTAL | E68: =SUM(E59:E66) | I68: =SUM(I59:I66) | K68: =SUM(K59:K66) | L68: =SUM(L59:L66) | O68: =SUM(O59:O66) | P68: =SUM(P59:P66)
C71: 2. | D71: Scénario central
D73: Bloc | E73: Baseline 2026 | F73: Croissance activité / effectifs | G73: Croissance intensité | H73: Facteur de croissance métier | I73: Besoin hors IA 2035 | J73: Surcouche IA | K73: Besoin IA | L73: Besoin total 2035 | M73: Adressable socle [%] | N73: Adressable IA [%] | O73: Demande adressable 2035 [kW IT] | P73: Demande adressable 2035 [MW IT]
D74: DSP | E74: =F$9 | F74: =(1+_xlfn.XLOOKUP($D$71,$F$33:$H$33,$F$34:$H$34))^9 | G74: =(1+_xlfn.XLOOKUP($D$71,$F$33:$H$33,$F$37:$H$37))^9 | H74: =('1_Inputs&Hyp'!F59/'1_Inputs&Hyp'!F57)*'1_Inputs&Hyp'!F62 | I74: =H$9*F74*G74+G$9*H74 | J74: =_xlfn.XLOOKUP($D$71,$F$33:$H$33,$F$40:$H$40) | K74: =I74*J74 | L74: =I74+K74 | M74: =_xlfn.XLOOKUP($D$71,$F$33:$H$33,$F$46:$H$46) | N74: =_xlfn.XLOOKUP($D$71,$F$33:$H$33,$F$49:$H$49) | O74: =I74*M74+K74*N74 | P74: =O74/1000 | R74: =O74
D75: DENJS | E75: =F$10 | F75: =(1+_xlfn.XLOOKUP($D$71,$F$33:$H$33,$F$34:$H$34))^9 | G75: =(1+_xlfn.XLOOKUP($D$71,$F$33:$H$33,$F$37:$H$37))^9 | H75: 1 | I75: =E75*F75*G75 | J75: =_xlfn.XLOOKUP($D$71,$F$33:$H$33,$F$40:$H$40) | K75: =I75*J75 | L75: =I75+K75 | M75: =_xlfn.XLOOKUP($D$71,$F$33:$H$33,$F$46:$H$46) | N75: =_xlfn.XLOOKUP($D$71,$F$33:$H$33,$F$49:$H$49) | O75: =I75*M75+K75*N75 | P75: =O75/1000 | R75: =O75+O76+O77
D76: APDP | E76: =F$11 | F76: =(1+_xlfn.XLOOKUP($D$71,$F$33:$H$33,$F$34:$H$34))^9 | G76: =(1+_xlfn.XLOOKUP($D$71,$F$33:$H$33,$F$37:$H$37))^9 | H76: 1 | I76: =E76*F76*G76 | J76: =_xlfn.XLOOKUP($D$71,$F$33:$H$33,$F$40:$H$40) | K76: =I76*J76 | L76: =I76+K76 | M76: =_xlfn.XLOOKUP($D$71,$F$33:$H$33,$F$46:$H$46) | N76: =_xlfn.XLOOKUP($D$71,$F$33:$H$33,$F$49:$H$49) | O76: =I76*M76+K76*N76 | P76: =O76/1000 | R76: =O78
D77: DITN | E77: =F$12 | F77: =(1+_xlfn.XLOOKUP($D$71,$F$33:$H$33,$F$34:$H$34))^9 | G77: =(1+_xlfn.XLOOKUP($D$71,$F$33:$H$33,$F$37:$H$37))^9 | H77: 1 | I77: =E77*F77*G77 | J77: =_xlfn.XLOOKUP($D$71,$F$33:$H$33,$F$40:$H$40) | K77: =I77*J77 | L77: =I77+K77 | M77: =_xlfn.XLOOKUP($D$71,$F$33:$H$33,$F$46:$H$46) | N77: =_xlfn.XLOOKUP($D$71,$F$33:$H$33,$F$49:$H$49) | O77: =I77*M77+K77*N77 | P77: =O77/1000 | R77: =O79
D78: CHPG | E78: =F$13 | F78: =(1+_xlfn.XLOOKUP(D71,'1_Inputs&Hyp'!$F$66:$H$66,'1_Inputs&Hyp'!$F$67:$H$67))^9 | G78: =(1+_xlfn.XLOOKUP($D$71,$F$33:$H$33,$F$37:$H$37))^9 | H78: =(1+_xlfn.XLOOKUP(D71,'1_Inputs&Hyp'!$F$66:$H$66,'1_Inputs&Hyp'!$F$68:$H$68))^9 | I78: =H$13*F78*G78+G$13*H78 | J78: =_xlfn.XLOOKUP($D$71,$F$33:$H$33,$F$40:$H$40) | K78: =I78*J78 | L78: =I78+K78 | M78: =_xlfn.XLOOKUP($D$71,$F$33:$H$33,$F$46:$H$46) | N78: =_xlfn.XLOOKUP($D$71,$F$33:$H$33,$F$49:$H$49) | O78: =I78*M78+K78*N78 | P78: =O78/1000 | R78: =O80
D79: Monaco Telecom | E79: =F$14 | F79: =(1+_xlfn.XLOOKUP($D$71,$F$33:$H$33,$F$36:$H$36))^9 | G79: =(1+_xlfn.XLOOKUP($D$71,$F$33:$H$33,$F$39:$H$39))^9 | H79: 1 | I79: =E79*F79*G79 | J79: =_xlfn.XLOOKUP($D$71,$F$33:$H$33,$F$42:$H$42) | K79: =I79*J79 | L79: =I79+K79 | M79: =_xlfn.XLOOKUP($D$71,$F$33:$H$33,$F$46:$H$46) | N79: =_xlfn.XLOOKUP($D$71,$F$33:$H$33,$F$51:$H$51) | O79: =I79*M79+K79*N79 | P79: =O79/1000 | R79: =O81
D80: Finance | E80: =F$15 | F80: =(1+_xlfn.XLOOKUP($D$71,$F$33:$H$33,$F$35:$H$35))^9 | G80: =(1+_xlfn.XLOOKUP($D$71,$F$33:$H$33,$F$38:$H$38))^9 | H80: 1 | I80: =E80*F80*G80 | J80: =_xlfn.XLOOKUP($D$71,$F$33:$H$33,$F$41:$H$41) | K80: =MAX(I80*J80,0)+MIN(1,2)-1 | L80: =I80+K80 | M80: =_xlfn.XLOOKUP($D$71,$F$33:$H$33,$F$47:$H$47) | N80: =_xlfn.XLOOKUP($D$71,$F$33:$H$33,$F$50:$H$50) | O80: =I80*M80+K80*N80 | P80: =O80/1000
D81: Privé hors finance | E81: =F$16 | F81: =(1+_xlfn.XLOOKUP($D$71,$F$33:$H$33,$F$36:$H$36))^9 | G81: =(1+_xlfn.XLOOKUP($D$71,$F$33:$H$33,$F$39:$H$39))^9 | H81: 1 | I81: =E81*F81*G81 | J81: =_xlfn.XLOOKUP($D$71,$F$33:$H$33,$F$42:$H$42) | K81: =I81*J81 | L81: =I81+K81 | M81: =_xlfn.XLOOKUP($D$71,$F$33:$H$33,$F$48:$H$48) | N81: =_xlfn.XLOOKUP($D$71,$F$33:$H$33,$F$51:$H$51) | O81: =I81*M81+K81*N81 | P81: =O81/1000
D83: TOTAL | E83: =SUM(E74:E81) | I83: =SUM(I74:I81) | K83: =SUM(K74:K81) | L83: =SUM(L74:L81) | O83: =SUM(O74:O81) | P83: =SUM(P74:P81)
C86: 3. | D86: Scénario Haut
D88: Bloc | E88: Baseline 2026 | F88: Croissance activité / effectifs | G88: Croissance intensité | H88: Facteur de croissance métier | I88: Besoin hors IA 2035 | J88: Surcouche IA | K88: Besoin IA | L88: Besoin total 2035 | M88: Adressable socle [%] | N88: Adressable IA [%] | O88: Demande adressable 2035 [kW IT] | P88: Demande adressable 2035 [MW IT]
D89: DSP | E89: =F$9 | F89: =(1+_xlfn.XLOOKUP($D$86,$F$33:$H$33,$F$34:$H$34))^9 | G89: =(1+_xlfn.XLOOKUP($D$86,$F$33:$H$33,$F$37:$H$37))^9 | H89: =('1_Inputs&Hyp'!F59/'1_Inputs&Hyp'!F57)*'1_Inputs&Hyp'!F62 | I89: =H$9*F89*G89+G$9*H89 | J89: =_xlfn.XLOOKUP($D$86,$F$33:$H$33,$F$40:$H$40) | K89: =I89*J89 | L89: =I89+K89 | M89: =_xlfn.XLOOKUP($D$86,$F$33:$H$33,$F$46:$H$46) | N89: =_xlfn.XLOOKUP($D$86,$F$33:$H$33,$F$49:$H$49) | O89: =I89*M89+K89*N89 | P89: =O89/1000 | R89: =O89
D90: DENJS | E90: =F$10 | F90: =(1+_xlfn.XLOOKUP($D$86,$F$33:$H$33,$F$34:$H$34))^9 | G90: =(1+_xlfn.XLOOKUP($D$86,$F$33:$H$33,$F$37:$H$37))^9 | H90: 1 | I90: =E90*F90*G90 | J90: =_xlfn.XLOOKUP($D$86,$F$33:$H$33,$F$40:$H$40) | K90: =I90*J90 | L90: =I90+K90 | M90: =_xlfn.XLOOKUP($D$86,$F$33:$H$33,$F$46:$H$46) | N90: =_xlfn.XLOOKUP($D$86,$F$33:$H$33,$F$49:$H$49) | O90: =I90*M90+K90*N90 | P90: =O90/1000 | R90: =O90+O91+O92
D91: APDP | E91: =F$11 | F91: =(1+_xlfn.XLOOKUP($D$86,$F$33:$H$33,$F$34:$H$34))^9 | G91: =(1+_xlfn.XLOOKUP($D$86,$F$33:$H$33,$F$37:$H$37))^9 | H91: 1 | I91: =E91*F91*G91 | J91: =_xlfn.XLOOKUP($D$86,$F$33:$H$33,$F$40:$H$40) | K91: =I91*J91 | L91: =I91+K91 | M91: =_xlfn.XLOOKUP($D$86,$F$33:$H$33,$F$46:$H$46) | N91: =_xlfn.XLOOKUP($D$86,$F$33:$H$33,$F$49:$H$49) | O91: =I91*M91+K91*N91 | P91: =O91/1000 | R91: =O93
D92: DITN | E92: =F$12 | F92: =(1+_xlfn.XLOOKUP($D$86,$F$33:$H$33,$F$34:$H$34))^9 | G92: =(1+_xlfn.XLOOKUP($D$86,$F$33:$H$33,$F$37:$H$37))^9 | H92: 1 | I92: =E92*F92*G92 | J92: =_xlfn.XLOOKUP($D$86,$F$33:$H$33,$F$40:$H$40) | K92: =I92*J92 | L92: =I92+K92 | M92: =_xlfn.XLOOKUP($D$86,$F$33:$H$33,$F$46:$H$46) | N92: =_xlfn.XLOOKUP($D$86,$F$33:$H$33,$F$49:$H$49) | O92: =I92*M92+K92*N92 | P92: =O92/1000 | R92: =O94
D93: CHPG | E93: =F$13 | F93: =(1+_xlfn.XLOOKUP(D86,'1_Inputs&Hyp'!$F$66:$H$66,'1_Inputs&Hyp'!$F$67:$H$67))^9 | G93: =(1+_xlfn.XLOOKUP($D$86,$F$33:$H$33,$F$37:$H$37))^9 | H93: =(1+_xlfn.XLOOKUP(D86,'1_Inputs&Hyp'!$F$66:$H$66,'1_Inputs&Hyp'!$F$68:$H$68))^9 | I93: =H$13*F93*G93+G$13*H93 | J93: =_xlfn.XLOOKUP($D$86,$F$33:$H$33,$F$40:$H$40) | K93: =I93*J93 | L93: =I93+K93 | M93: =_xlfn.XLOOKUP($D$86,$F$33:$H$33,$F$46:$H$46) | N93: =_xlfn.XLOOKUP($D$86,$F$33:$H$33,$F$49:$H$49) | O93: =I93*M93+K93*N93 | P93: =O93/1000 | R93: =O95
D94: Monaco Telecom | E94: =F$14 | F94: =(1+_xlfn.XLOOKUP($D$86,$F$33:$H$33,$F$36:$H$36))^9 | G94: =(1+_xlfn.XLOOKUP($D$86,$F$33:$H$33,$F$39:$H$39))^9 | H94: 1 | I94: =E94*F94*G94 | J94: =_xlfn.XLOOKUP($D$86,$F$33:$H$33,$F$42:$H$42) | K94: =I94*J94 | L94: =I94+K94 | M94: =_xlfn.XLOOKUP($D$86,$F$33:$H$33,$F$46:$H$46) | N94: =_xlfn.XLOOKUP($D$86,$F$33:$H$33,$F$51:$H$51) | O94: =I94*M94+K94*N94 | P94: =O94/1000 | R94: =O96
D95: Finance | E95: =F$15 | F95: =(1+_xlfn.XLOOKUP($D$86,$F$33:$H$33,$F$35:$H$35))^9 | G95: =(1+_xlfn.XLOOKUP($D$86,$F$33:$H$33,$F$38:$H$38))^9 | H95: 1 | I95: =E95*F95*G95 | J95: =_xlfn.XLOOKUP($D$86,$F$33:$H$33,$F$41:$H$41) | K95: =I95*J95 | L95: =I95+K95 | M95: =_xlfn.XLOOKUP($D$86,$F$33:$H$33,$F$47:$H$47) | N95: =_xlfn.XLOOKUP($D$86,$F$33:$H$33,$F$50:$H$50) | O95: =I95*M95+K95*N95 | P95: =O95/1000
D96: Privé hors finance | E96: =F$16 | F96: =(1+_xlfn.XLOOKUP($D$86,$F$33:$H$33,$F$36:$H$36))^9 | G96: =(1+_xlfn.XLOOKUP($D$86,$F$33:$H$33,$F$39:$H$39))^9 | H96: 1 | I96: =E96*F96*G96 | J96: =_xlfn.XLOOKUP($D$86,$F$33:$H$33,$F$42:$H$42) | K96: =I96*J96 | L96: =I96+K96 | M96: =_xlfn.XLOOKUP($D$86,$F$33:$H$33,$F$48:$H$48) | N96: =_xlfn.XLOOKUP($D$86,$F$33:$H$33,$F$51:$H$51) | O96: =I96*M96+K96*N96 | P96: =O96/1000
D98: TOTAL | E98: =SUM(E89:E96) | I98: =SUM(I89:I96) | K98: =SUM(K89:K96) | L98: =SUM(L89:L96) | O98: =SUM(O89:O96) | P98: =SUM(P89:P96)

Sheet 3_Output
B2: Output – projection des besoins IT à horizon 2035
B3: Comparaison des trois scénarios | Besoin généré vs demande adressable à Monaco
B5: A. Synthèse des trois scénarios
B7: Indicateur | C7: Bas | D7: Central | E7: Haut
B8: Besoin IT total généré 2026 (MW IT) | C8: ='2_Calculs'!$F$17/10^3 | D8: ='2_Calculs'!$F$17/10^3 | E8: ='2_Calculs'!$F$17/10^3
B9: Besoin IT total généré 2035 (MW IT) | C9: ='2_Calculs'!L68/10^3 | D9: ='2_Calculs'!L83/10^3 | E9: ='2_Calculs'!L98/10^3
B10: Demande adressable Monaco 2035 (MW IT) | C10: ='2_Calculs'!P68 | D10: ='2_Calculs'!P83 | E10: ='2_Calculs'!P98
B12: Taux adressable moyen | C12: =C10/C9 | D12: =D10/D9 | E12: =E10/E9
B13: Croissance besoin généré 2026–2035 (x) | C13: =C9/C8 | D13: =D9/D8 | E13: =E9/E8
B16: B. Demande adressable 2035 par bloc d'entités
B18: Bloc | C18: Bas | D18: Central | E18: Haut
B19: DSP | C19: ='2_Calculs'!P59 | D19: ='2_Calculs'!P74 | E19: ='2_Calculs'!P89
B20: DENJS + APDP + DITN | C20: ='2_Calculs'!P60+'2_Calculs'!P61+'2_Calculs'!P62 | D20: ='2_Calculs'!P75+'2_Calculs'!P76+'2_Calculs'!P77 | E20: ='2_Calculs'!P90+'2_Calculs'!P91+'2_Calculs'!P92
B21: CHPG | C21: ='2_Calculs'!P63 | D21: ='2_Calculs'!P78 | E21: ='2_Calculs'!P93
B22: Monaco Telecom | C22: ='2_Calculs'!P64 | D22: ='2_Calculs'!P79 | E22: ='2_Calculs'!P94
B23: Finance | C23: ='2_Calculs'!P65 | D23: ='2_Calculs'!P80 | E23: ='2_Calculs'!P95
B24: Privé hors finance | C24: ='2_Calculs'!P66 | D24: ='2_Calculs'!P81 | E24: ='2_Calculs'!P96
B25: TOTAL | C25: =SUM(C19:C24) | D25: =SUM(D19:D24) | E25: =SUM(E19:E24)
B26: Ctrl | C26: =C25=C10 | D26: =D25=D10 | E26: =E25=E10
