Workbook
Name _5111cda8_STF_Fuss_1_CN1: #REF!
Name _5111cda8_STF_Gesamtsumme_1_CN1: #REF!
Name _5111cda8_STF_Gesamtsumme_1_CN2: #REF!
Name _5111cda8_STF_Koerper_1_CN1: #REF!
Name _5111cda8_STF_Koerper_1_CN3: #REF!
Name _5111cda8_STF_Koerper_1_CN4: #REF!
Name _5111cda8_STF_Koerper_1_CN5: #REF!
Name _5111cda8_STF_Koerper_1_CN6: #REF!
Name _5111cda8_STF_Koerper_1_CN7: #REF!
Name _5111cda8_STF_Koerper_1_CN8: #REF!
Name _5111cda8_STF_Tabellenkopf_1_CN1: #REF!
Name _5111cda8_STF_Titel_1_CN1: #REF!
Name _5111cda8_STF_Vorspalte_1_CN1: #REF!
Name _CST2006: #REF!
Name _CST2008: #REF!
Name _TAB7: #REF!
Name b: #N/A
Name bébé: #REF!
Name ChoixTraçage: #REF!
Name COMPTE_D_EXPLOITATION_PAR_BRANCHE: #REF!
Name CST: #REF!
Name CST_2006: #REF!
Name D: {#N/A,#N/A,FALSE,"bel";#N/A,#N/A,FALSE,"neth"}
Name DatesGraphiques: CHOOSE(TableauGraphique,#REF!,#REF!)
Name Données_brutes: #REF!
Name Données_volume: #REF!
Name Données_volume_2: #REF!
Name Données_volume_3: #REF!
Name Données_volume_5: #REF!
Name Donnéesbrutes: #REF!
Name Donnéesbrutes_2: #REF!
Name Donnéesbrutes_3: #REF!
Name Donnéesbrutes_5: #REF!
Name DonnéesCNAM: #REF!
Name DonnéesCNAM_2: #REF!
Name DonnéesCNAM_3: #REF!
Name DonnéesCNAM_5: #REF!
Name DonnéesCVS: #REF!
Name DonnéesDemetra_CT: #REF!
Name DonnéesDemetra_CT_2: #REF!
Name DonnéesDemetra_CT_3: #REF!
Name DonnéesDemetra_CT_5: #REF!
Name Fra: "Graphique 2"
Name Graphiques: #REF!
Name IQ_CH: 110000
Name IQ_DAILY: 500000
Name IQ_FH: 100000
Name IQ_MONTH: 15000
Name IQ_WEEK: 50000
Name JHTK: #REF!
Name k: CHOOSE([0]!ll,#REF!,#REF!)
Name KilométrageDébut: #REF!
Name kk: CHOOSE(TableauGraphique,#REF!,#REF!)
Name nom: #REF!
Name NP: #REF!
Name NP_Description: #REF!
Name poupou: #REF!
Name PT_commencerlarangée: ROW(INDEX(#REF!,MATCH("*",#REF!,0),1))+1
Name PT_rangéedextrémité: COUNTA(#REF!)+PT_commencerlarangée-3
Name rien: #REF!

Sheet Cover
D4: Schéma directeur / Plan stratégique à 10 ans cloud et datacenters
D5: Modélisation de la demande IT Horizon 2035

Sheet 1_Inputs&Hyp
B2: Inputs & Hypothèses
B6: A. | D6: Baseline 2026
D8: Bloc | E8: Unité | F8: Baseline IT 2026 | G8: Source / commentaire
D9: DSP | E9: kW | F9: 80 | G9: Hypothèse RB sur la base des entretiens
D10: Autres entités publiques (incl. APDP, Caisses sociales, DENJS) | E10: kW | F10: 20 | G10: Hypothèse RB sur la base des entretiens
D11: Corps Sapeurs Pompiers | E11: kW | F11: 10 | G11: Hypothèse RB sur la base des entretiens
D12: DITN | E12: kW | F12: 80 | G12: Hypothèse RB sur la base des entretiens
D13: CHPG | E13: kW | F13: 80 | G13: Hypothèse RB sur la base des entretiens
D14: Monaco Telecom – besoins propres | E14: kW | F14: =F25*10% -> 160 | G14: Hypothèse RB sur la base des entretiens
D15: Finance | E15: kW | F15: voir onglet calcul | G15: à calculer à partir du modèle
D16: Privé hors finance | E16: kW | F16: voir onglet calcul | G16: à calculer à partir du modèle
D19: Bloc | E19: Unité | F19: Driver / volume 2026 | G19: Source / commentaire
D20: DSP | E20: agents | F20: 628 | G20: Hypothèse RB sur la base des entretiens
D21: Autres entités publiques (incl. APDP, Caisses sociales, DENJS) | E21: kW | G21: Hypothèse RB sur la base des entretiens
D22: Corps Sapeurs Pompiers | E22: kW | G22: Hypothèse RB sur la base des entretiens
D23: DITN | E23: kW | G23: Hypothèse RB sur la base des entretiens
D24: CHPG | E24: kW | G24: Hypothèse RB sur la base des entretiens
D25: Monaco Telecom – besoins propres | E25: kW capacité commerciale | F25: 1600 | G25: Hypothèse RB sur la base des entretiens (10% de la capa commerciale installée)
D26: Finance | E26: salariés | F26: 4534 | G26: 60 454 salariés privés – 4 534 finance (IMSEE, 2024)
D27: Privé hors finance | E27: salariés | F27: 55920 | G27: 60 454 salariés privés – 4 534 finance (IMSEE, 2024)
B31: B. | D31: Hypothèses hors DSP, CHPG
D33: Hypothèse | E33: Unité | F33: Scénario Bas | G33: Scénario Central | H33: Scénario Haut | I33: Source / rationnel
D34: Croissance annuelle effectifs publics | E34: % p.a. | F34: 0 | G34: 0.005 | H34: 0.01 | I34: Hypothèse de travail
D35: Croissance annuelle effectifs finance | E35: % p.a. | F35: 0 | G35: 0.005 | H35: 0.01 | I35: Hypothèse de travail
D36: Croissance annuelle effectifs privé hors finance | E36: % p.a. | F36: 0 | G36: 0.005 | H36: 0.01 | I36: Hypothèse de travail
D37: Croissance annuelle intensité numérique hors IA – public | E37: % p.a. | F37: 0.02 | G37: 0.04 | H37: 0.06 | I37: Hypothèse de travail – besoin IT / utilisateur
D38: Croissance annuelle intensité numérique hors IA – finance | E38: % p.a. | F38: 0.03 | G38: 0.05 | H38: 0.07 | I38: Hypothèse de travail – finance plus data-intensive
D39: Croissance annuelle intensité numérique hors IA – hors finance | E39: % p.a. | F39: 0.02 | G39: 0.04 | H39: 0.06 | I39: Hypothèse de travail
D40: Surcouche IA 2035 – public | E40: % | F40: 0.05 | G40: 0.15 | H40: 0.3 | I40: Hypothèse de travail
D41: Surcouche IA 2035 – finance | E41: % | F41: 0.1 | G41: 0.25 | H41: 0.45 | I41: Hypothèse de travail
D42: Surcouche IA 2035 – hors finance | E42: % | F42: 0.05 | G42: 0.15 | H42: 0.3 | I42: Hypothèse de travail
D43: W IT / salarié finance – 2026 | E43: W / salarié | F43: 80 | G43: 80 | H43: 80 | I43: Hypothèse de travail
D44: W IT / salarié hors finance – 2026 | E44: W / salarié | F44: 30 | G44: 30 | H44: 30 | I44: Hypothèse de travail
D45: W IT / agent public – socle non-métier DSP | E45: W / agent | F45: 30 | G45: 30 | H45: 30 | I45: Hypothèse de travail
... D51: Part adressable Monaco – surcouche IA hors finance | E51: % | F51: 0.1 | G51: 0.3 | H51: 0.6 | I51: Externalisée / hybride / locale
B54: C. | D54: Hypothèses DSP – applications métier (vidéo)
D56: Hypothèse | E56: Unité | F56: Valeur | G56: Type | H56: Source / rationnel
D57: Caméras 2026 | E57: caméras | F57: 1300 | G57: Input | H57: Donnée équipe projet
D58: Ajout annuel de caméras | E58: caméras / an | F58: 50 | G58: Input | H58: Donnée équipe projet
D59: Caméras 2035 | E59: caméras | F59: =F57+9*F58 -> 1750 | G59: Formule | H59: 2026 + 9 × ajout annuel
D60: Résolution actuelle | E60: MP | F60: 2 | G60: Input | H60: Donnée équipe projet
D61: Résolution cible 2035 | E61: MP | F61: 8 | G61: Input | H61: Donnée équipe projet – 4K
D62: Facteur bitrate 8MP / 2MP | E62: x | F62: 3.953125 | G62: Benchmark | H62: Axis H.265, 24–30 fps : 2.53 / 0.64 Mb/s
B64: D. | D64: Hypothèses CHPG
D66: Hypothèse | E66: Unité | F66: Scénario Bas | G66: Scénario Central | H66: Scénario Haut
D67: Croissance annuelle activité CHPG | E67: % p.a. | F67: 0 | G67: 0.005 | H67: 0.01
D68: Surcroît métier santé / digitalisation 2035 | E68: % | F68: 0.05 | G68: 0.1 | H68: 0.2
B70: E. | D70: Hypothèses Pompiers
D72: Hypothèse | E72: Unité | F72: Scénario Bas | G72: Scénario Central | H72: Scénario Haut
D73: Croissance annuelle activité Pompiers | E73: % p.a. | F73: 0 | G73: 0.005 | H73: 0.01
D74: Surcroît métier santé / digitalisation 2035 | E74: % | F74: 0.075 | G74: 0.12 | H74: 0.25
D77: E. Sources principales
D78: IMSEE – Monaco en chiffres 2025 | E78: https://www.imsee.mc/Publications/Monaco-en-chiffres-edition-2025 | F78: Effectifs privés / finance – données 2024
D79: IMSEE – Emploi | E79: https://www.imsee.mc/Population-et-emploi/Emploi | F79: Effectifs salariés privé / public
D80: Axis – Surveillance Card selector | E80: https://www.axis.com/en-be/products/axis-surveillance-card-256-gb | F80: Bitrates indicatifs 2MP / 8MP H.265
D81: Cisco – Green Office Design | E81: https://www.cisco.com/c/dam/en_us/about/ciscoitatwork/downloads/ciscoitatwork/pdf/Cisco_IT_Case_Study_Green_Office_Design.pdf | F81: Contexte énergie IT de bureau ; non utilisé comme ratio DC direct

Sheet 2_Calculs
B2: Calculs
B6: A. | D6: Baseline besoins d'hébergement 2026
D8: Bloc | E8: Unité | F8: Baseline 2026 | G8: Métier 2026 | H8: Non-métier 2026 (kW)
D9: DSP | E9: kW | F9: ='1_Inputs&Hyp'!F9 -> 80 | G9: =F9-H9 -> 61.16 | H9: =F21*G21/1000 -> 18.84
D10: Autres entités publiques (incl. APDP, Caisses sociales, DENJS) | E10: kW | F10: ='1_Inputs&Hyp'!F10 -> 20 | G10: =F10-H10 -> 0 | H10: =F10 -> 20
D11: Corps Sapeurs Pompiers | E11: kW | F11: ='1_Inputs&Hyp'!F11 -> 10 | G11: =F11-H11 -> 8 | H11: 2
D12: DITN | E12: kW | F12: ='1_Inputs&Hyp'!F12 -> 80 | G12: =F12-H12 -> 0 | H12: =F12 -> 80
D13: CHPG | E13: kW | F13: ='1_Inputs&Hyp'!F13 -> 80 | G13: =F13-H13 -> 80 | H13: 0
D14: Monaco Telecom | E14: kW | F14: ='1_Inputs&Hyp'!F14 -> 160 | G14: =F14-H14 -> 0 | H14: =F14 -> 160
D15: Finance | E15: kW | F15: ='1_Inputs&Hyp'!F26*F43/1000 -> 362.72 | G15: =F15-H15 -> 0 | H15: =F15 -> 362.72
D16: Privé hors finance | E16: kW | F16: ='1_Inputs&Hyp'!F27*F44/1000 -> 1677.6 | G16: =F16-H16 -> 0 | H16: =F16 -> 1677.6
D17: TOTAL | E17: kW | F17: =SUM(F9:F16) -> 2470.32 | G17: =SUM(G9:G16) -> 149.16 | H17: =SUM(H9:H16) -> 2321.16
D20: Bloc | E20: Unité | F20: Effectifs / driver | G20: W IT / utilisateur | H20: Commentaire
D21: DSP | E21: W IT / Utilisateur | F21: ='1_Inputs&Hyp'!F20 -> 628 | G21: =F45 -> 30 | H21: DSP : résiduel vidéo après socle agents
D22: DENJS | E22: n.a. | H22: Projection générique public
D23: APDP | E23: n.a. | H23: Projection générique public
D24: DITN | E24: n.a. | H24: Projection générique public
D25: CHPG | E25: n.a. | H25: CHPG : activité + intensité + digitalisation métier
D26: Monaco Telecom | E26: n.a. | H26: Besoins propres uniquement
D27: Finance | E27: W IT / Utilisateur | F27: ='1_Inputs&Hyp'!F26 -> 4534 | G27: =F43 -> 80 | H27: Effectifs × W/salarié
D28: Privé hors finance | E28: W IT / Utilisateur | F28: ='1_Inputs&Hyp'!F27 -> 55920 | G28: =F44 -> 30 | H28: Effectifs × W/salarié
D29: TOTAL
B31: B. | D31: Hypothèses par scénario
D33: Hypothèse | E33: Unité | F33: Scénario Bas | G33: Scénario Central | H33: Scénario Haut
D34: Croissance annuelle effectifs publics | E34: % p.a. | F34: ='1_Inputs&Hyp'!F34 -> 0 | G34: ='1_Inputs&Hyp'!G34 -> 0.005 | H34: ='1_Inputs&Hyp'!H34 -> 0.01
D35: Croissance annuelle effectifs finance | E35: % p.a. | F35: ='1_Inputs&Hyp'!F35 -> 0 | G35: ='1_Inputs&Hyp'!G35 -> 0.005 | H35: ='1_Inputs&Hyp'!H35 -> 0.01
D36: Croissance annuelle effectifs privé hors finance | E36: % p.a. | F36: ='1_Inputs&Hyp'!F36 -> 0 | G36: ='1_Inputs&Hyp'!G36 -> 0.005 | H36: ='1_Inputs&Hyp'!H36 -> 0.01
D37: Croissance annuelle intensité numérique hors IA – public | E37: % p.a. | F37: ='1_Inputs&Hyp'!F37 -> 0.02 | G37: ='1_Inputs&Hyp'!G37 -> 0.04 | H37: ='1_Inputs&Hyp'!H37 -> 0.06
D38: Croissance annuelle intensité numérique hors IA – finance | E38: % p.a. | F38: ='1_Inputs&Hyp'!F38 -> 0.03 | G38: ='1_Inputs&Hyp'!G38 -> 0.05 | H38: ='1_Inputs&Hyp'!H38 -> 0.07
D39: Croissance annuelle intensité numérique hors IA – hors finance | E39: % p.a. | F39: ='1_Inputs&Hyp'!F39 -> 0.02 | G39: ='1_Inputs&Hyp'!G39 -> 0.04 | H39: ='1_Inputs&Hyp'!H39 -> 0.06
D40: Surcouche IA 2035 – public | E40: % | F40: ='1_Inputs&Hyp'!F40 -> 0.05 | G40: ='1_Inputs&Hyp'!G40 -> 0.15 | H40: ='1_Inputs&Hyp'!H40 -> 0.3
D41: Surcouche IA 2035 – finance | E41: % | F41: ='1_Inputs&Hyp'!F41 -> 0.1 | G41: ='1_Inputs&Hyp'!G41 -> 0.25 | H41: ='1_Inputs&Hyp'!H41 -> 0.45
D42: Surcouche IA 2035 – hors finance | E42: % | F42: ='1_Inputs&Hyp'!F42 -> 0.05 | G42: ='1_Inputs&Hyp'!G42 -> 0.15 | H42: ='1_Inputs&Hyp'!H42 -> 0.3
D43: W IT / salarié finance – 2026 | E43: W | F43: ='1_Inputs&Hyp'!F43 -> 80 | G43: ='1_Inputs&Hyp'!G43 -> 80 | H43: ='1_Inputs&Hyp'!H43 -> 80
D44: W IT / salarié hors finance – 2026 | E44: W | F44: ='1_Inputs&Hyp'!F44 -> 30 | G44: ='1_Inputs&Hyp'!G44 -> 30 | H44: ='1_Inputs&Hyp'!H44 -> 30
D45: W IT / agent public – socle non-métier DSP | E45: W | F45: ='1_Inputs&Hyp'!F45 -> 30 | G45: ='1_Inputs&Hyp'!G45 -> 30 | H45: ='1_Inputs&Hyp'!H45 -> 30
... D51: Part adressable Monaco – surcouche IA hors finance | E51: % | F51: ='1_Inputs&Hyp'!F51 -> 0.1 | G51: ='1_Inputs&Hyp'!G51 -> 0.3 | H51: ='1_Inputs&Hyp'!H51 -> 0.6
B54: C. | D54: Projection 2035 – besoin IT généré et demande adressable
C56: 1. | D56: Scénario bas
D58: Bloc | E58: Baseline 2026 | F58: Croissance activité / effectifs | G58: Croissance intensité | H58: Facteur de croissance métier | I58: Besoin hors IA 2035 | J58: Surcouche IA | K58: Besoin IA | L58: Besoin total 2035 | M58: Adressable socle [%] | N58: Adressable IA [%] | O58: Demande adressable 2035 [kW IT] | P58: Demande adressable 2035 [MW IT]
D59: DSP | E59: =F$9 -> 80 | F59: =(1+_xlfn.XLOOKUP($D$56,$F$33:$H$33,$F$34:$H$34))^9 -> 1 | G59: =(1+_xlfn.XLOOKUP($D$56,$F$33:$H$33,$F$37:$H$37))^9 -> 1.1950926 | H59: =('1_Inputs&Hyp'!F59/'1_Inputs&Hyp'!F57)*'1_Inputs&Hyp'!F62 -> 5.3215144 | I59: =H$9*F59*G59+G$9*H59 -> 347.97937 | J59: =_xlfn.XLOOKUP($D$56,$F$33:$H$33,$F$40:$H$40) -> 0.05 | K59: =I59*J59 -> 17.398968 | L59: =I59+K59 -> 365.37833 | M59: =_xlfn.XLOOKUP($D$56,$F$33:$H$33,$F$46:$H$46) -> 1 | N59: =_xlfn.XLOOKUP($D$56,$F$33:$H$33,$F$49:$H$49) -> 0.25 | O59: =I59*M59+K59*N59 -> 352.32911 | P59: =O59/1000 -> 0.35232911 | R59: =O59 -> 352.32911
D60: Autres entités publiques (incl. APDP, Caisses sociales, DENJS) | E60: =F$10 -> 20 | F60: =(1+_xlfn.XLOOKUP($D$56,$F$33:$H$33,$F$34:$H$34))^9 -> 1 | G60: =(1+_xlfn.XLOOKUP($D$56,$F$33:$H$33,$F$37:$H$37))^9 -> 1.1950926 | H60: 1 | I60: =H$10*F60*G60+G$10*H60 -> 23.901851 | J60: =_xlfn.XLOOKUP($D$56,$F$33:$H$33,$F$40:$H$40) -> 0.05 | K60: =I60*J60 -> 1.1950926 | L60: =I60+K60 -> 25.096944 | M60: =_xlfn.XLOOKUP($D$56,$F$33:$H$33,$F$46:$H$46) -> 1 | N60: =_xlfn.XLOOKUP($D$56,$F$33:$H$33,$F$49:$H$49) -> 0.25 | O60: =I60*M60+K60*N60 -> 24.200625 | P60: =O60/1000 -> 0.024200625 | R60: =O60+O61+O62 -> 138.95282
D61: Corps Sapeurs Pompiers | E61: =F$11 -> 10 | F61: =(1+_xlfn.XLOOKUP($D$56,$F$33:$H$33,$F$34:$H$34))^9 -> 1 | G61: =(1+_xlfn.XLOOKUP($D$56,$F$33:$H$33,$F$37:$H$37))^9 -> 1.1950926 | H61: =(1+_xlfn.XLOOKUP(D56,'1_Inputs&Hyp'!$F$72:$H$72,'1_Inputs&Hyp'!$F$74:$H$74))^9 -> 1.9172387 | I61: =H$11*F61*G61+G$11*H61 -> 17.728094 | J61: =_xlfn.XLOOKUP($D$56,$F$33:$H$33,$F$40:$H$40) -> 0.05 | K61: =I61*J61 -> 0.88640472 | L61: =I61+K61 -> 18.614499 | M61: =_xlfn.XLOOKUP($D$56,$F$33:$H$33,$F$46:$H$46) -> 1 | N61: =_xlfn.XLOOKUP($D$56,$F$33:$H$33,$F$49:$H$49) -> 0.25 | O61: =I61*M61+K61*N61 -> 17.949696 | P61: =O61/1000 -> 0.017949696 | R61: =O63 -> 125.65759
D62: DITN | E62: =F$12 -> 80 | F62: =(1+_xlfn.XLOOKUP($D$56,$F$33:$H$33,$F$34:$H$34))^9 -> 1 | G62: =(1+_xlfn.XLOOKUP($D$56,$F$33:$H$33,$F$37:$H$37))^9 -> 1.1950926 | H62: 1 | I62: =H$12*F62*G62+G$12*H62 -> 95.607405 | J62: =_xlfn.XLOOKUP($D$56,$F$33:$H$33,$F$40:$H$40) -> 0.05 | K62: =I62*J62 -> 4.7803703 | L62: =I62+K62 -> 100.38778 | M62: =_xlfn.XLOOKUP($D$56,$F$33:$H$33,$F$46:$H$46) -> 1 | N62: =_xlfn.XLOOKUP($D$56,$F$33:$H$33,$F$49:$H$49) -> 0.25 | O62: =I62*M62+K62*N62 -> 96.802498 | P62: =O62/1000 -> 0.096802498 | R62: =O64 -> 192.17089
D63: CHPG | E63: =F$13 -> 80 | F63: =(1+_xlfn.XLOOKUP(D56,'1_Inputs&Hyp'!$F$66:$H$66,'1_Inputs&Hyp'!$F$67:$H$67))^9 -> 1 | G63: =(1+_xlfn.XLOOKUP($D$56,$F$33:$H$33,$F$37:$H$37))^9 -> 1.1950926 | H63: =(1+_xlfn.XLOOKUP(D56,'1_Inputs&Hyp'!$F$66:$H$66,'1_Inputs&Hyp'!$F$68:$H$68))^9 -> 1.5513282 | I63: =H$13*F63*G63+G$13*H63 -> 124.10626 | J63: =_xlfn.XLOOKUP($D$56,$F$33:$H$33,$F$40:$H$40) -> 0.05 | K63: =I63*J63 -> 6.2053129 | L63: =I63+K63 -> 130.31157 | M63: =_xlfn.XLOOKUP($D$56,$F$33:$H$33,$F$46:$H$46) -> 1 | N63: =_xlfn.XLOOKUP($D$56,$F$33:$H$33,$F$49:$H$49) -> 0.25 | O63: =I63*M63+K63*N63 -> 125.65759 | P63: =O63/1000 -> 0.12565759 | R63: =O65 -> 101.75248
D64: Monaco Telecom | E64: =F$14 -> 160 | F64: =(1+_xlfn.XLOOKUP($D$56,$F$33:$H$33,$F$36:$H$36))^9 -> 1 | G64: =(1+_xlfn.XLOOKUP($D$56,$F$33:$H$33,$F$39:$H$39))^9 -> 1.1950926 | H64: 1 | I64: =H$14*F64*G64+G$14*H64 -> 191.21481 | J64: =_xlfn.XLOOKUP($D$56,$F$33:$H$33,$F$42:$H$42) -> 0.05 | K64: =I64*J64 -> 9.5607405 | L64: =I64+K64 -> 200.77555 | M64: =_xlfn.XLOOKUP($D$56,$F$33:$H$33,$F$46:$H$46) -> 1 | N64: =_xlfn.XLOOKUP($D$56,$F$33:$H$33,$F$51:$H$51) -> 0.1 | O64: =I64*M64+K64*N64 -> 192.17089 | P64: =O64/1000 -> 0.19217089 | R64: =O66 -> 210.51317
D65: Finance | E65: =F$15 -> 362.72 | F65: =(1+_xlfn.XLOOKUP($D$56,$F$33:$H$33,$F$35:$H$35))^9 -> 1 | G65: =(1+_xlfn.XLOOKUP($D$56,$F$33:$H$33,$F$38:$H$38))^9 -> 1.3047732 | H65: 1 | I65: =H$15*F65*G65+G$15*H65 -> 473.26733 | J65: =_xlfn.XLOOKUP($D$56,$F$33:$H$33,$F$41:$H$41) -> 0.1 | K65: =I65*J65 -> 47.326733 | L65: =I65+K65 -> 520.59406 | M65: =_xlfn.XLOOKUP($D$56,$F$33:$H$33,$F$47:$H$47) -> 0.2 | N65: =_xlfn.XLOOKUP($D$56,$F$33:$H$33,$F$50:$H$50) -> 0.15 | O65: =I65*M65+K65*N65 -> 101.75248 | P65: =O65/1000 -> 0.10175248
D66: Privé hors finance | E66: =F$16 -> 1677.6 | F66: =(1+_xlfn.XLOOKUP($D$56,$F$33:$H$33,$F$36:$H$36))^9 -> 1 | G66: =(1+_xlfn.XLOOKUP($D$56,$F$33:$H$33,$F$39:$H$39))^9 -> 1.1950926 | H66: 1 | I66: =H$16*F66*G66+G$16*H66 -> 2004.8873 | J66: =_xlfn.XLOOKUP($D$56,$F$33:$H$33,$F$42:$H$42) -> 0.05 | K66: =I66*J66 -> 100.24436 | L66: =I66+K66 -> 2105.1317 | M66: =_xlfn.XLOOKUP($D$56,$F$33:$H$33,$F$48:$H$48) -> 0.1 | N66: =_xlfn.XLOOKUP($D$56,$F$33:$H$33,$F$51:$H$51) -> 0.1 | O66: =I66*M66+K66*N66 -> 210.51317 | P66: =O66/1000 -> 0.21051317
D68: TOTAL | E68: =SUM(E59:E66) -> 2470.32 | I68: =SUM(I59:I66) -> 3278.6924 | K68: =SUM(K59:K66) -> 187.59799 | L68: =SUM(L59:L66) -> 3466.2904 | O68: =SUM(O59:O66) -> 1121.376 | P68: =SUM(P59:P66) -> 1.121376
C71: 2. | D71: Scénario central
D73: Bloc | E73: Baseline 2026 | F73: Croissance activité / effectifs | G73: Croissance intensité | H73: Facteur de croissance métier | I73: Besoin hors IA 2035 | J73: Surcouche IA | K73: Besoin IA | L73: Besoin total 2035 | M73: Adressable socle [%] | N73: Adressable IA [%] | O73: Demande adressable 2035 [kW IT] | P73: Demande adressable 2035 [MW IT]
D74: DSP | E74: =F$9 -> 80 | F74: =(1+_xlfn.XLOOKUP($D$71,$F$33:$H$33,$F$34:$H$34))^9 -> 1.0459106 | G74: =(1+_xlfn.XLOOKUP($D$71,$F$33:$H$33,$F$37:$H$37))^9 -> 1.4233118 | H74: =('1_Inputs&Hyp'!F59/'1_Inputs&Hyp'!F57)*'1_Inputs&Hyp'!F62 -> 5.3215144 | I74: =H$9*F74*G74+G$9*H74 -> 353.51012 | J74: =_xlfn.XLOOKUP($D$71,$F$33:$H$33,$F$40:$H$40) -> 0.15 | K74: =I74*J74 -> 53.026518 | L74: =I74+K74 -> 406.53664 | M74: =_xlfn.XLOOKUP($D$71,$F$33:$H$33,$F$46:$H$46) -> 1 | N74: =_xlfn.XLOOKUP($D$71,$F$33:$H$33,$F$49:$H$49) -> 0.6 | O74: =I74*M74+K74*N74 -> 385.32603 | P74: =O74/1000 -> 0.38532603 | R74: =O74 -> 385.32603
D75: Autres entités publiques (incl. APDP, Caisses sociales, DENJS) | E75: =F$10 -> 20 | F75: =(1+_xlfn.XLOOKUP($D$71,$F$33:$H$33,$F$34:$H$34))^9 -> 1.0459106 | G75: =(1+_xlfn.XLOOKUP($D$71,$F$33:$H$33,$F$37:$H$37))^9 -> 1.4233118 | H75: 1 | I75: =H$10*F75*G75+G$10*H75 -> 29.773138 | J75: =_xlfn.XLOOKUP($D$71,$F$33:$H$33,$F$40:$H$40) -> 0.15 | K75: =I75*J75 -> 4.4659706 | L75: =I75+K75 -> 34.239108 | M75: =_xlfn.XLOOKUP($D$71,$F$33:$H$33,$F$46:$H$46) -> 1 | N75: =_xlfn.XLOOKUP($D$71,$F$33:$H$33,$F$49:$H$49) -> 0.6 | O75: =I75*M75+K75*N75 -> 32.45272 | P75: =O75/1000 -> 0.03245272 | R75: =O75+O76+O77 -> 189.69012
D76: Corps Sapeurs Pompiers | E76: =F$11 -> 10 | F76: =(1+_xlfn.XLOOKUP($D$71,$F$33:$H$33,$F$34:$H$34))^9 -> 1.0459106 | G76: =(1+_xlfn.XLOOKUP($D$71,$F$33:$H$33,$F$37:$H$37))^9 -> 1.4233118 | H76: =(1+_xlfn.XLOOKUP(D71,'1_Inputs&Hyp'!$F$72:$H$72,'1_Inputs&Hyp'!$F$74:$H$74))^9 -> 2.7730788 | I76: =H$11*F76*G76+G$11*H76 -> 25.161944 | J76: =_xlfn.XLOOKUP($D$71,$F$33:$H$33,$F$40:$H$40) -> 0.15 | K76: =I76*J76 -> 3.7742916 | L76: =I76+K76 -> 28.936235 | M76: =_xlfn.XLOOKUP($D$71,$F$33:$H$33,$F$46:$H$46) -> 1 | N76: =_xlfn.XLOOKUP($D$71,$F$33:$H$33,$F$49:$H$49) -> 0.6 | O76: =I76*M76+K76*N76 -> 27.426519 | P76: =O76/1000 -> 0.027426519 | R76: =O78 -> 205.61304
D77: DITN | E77: =F$12 -> 80 | F77: =(1+_xlfn.XLOOKUP($D$71,$F$33:$H$33,$F$34:$H$34))^9 -> 1.0459106 | G77: =(1+_xlfn.XLOOKUP($D$71,$F$33:$H$33,$F$37:$H$37))^9 -> 1.4233118 | H77: 1 | I77: =H$12*F77*G77+G$12*H77 -> 119.09255 | J77: =_xlfn.XLOOKUP($D$71,$F$33:$H$33,$F$40:$H$40) -> 0.15 | K77: =I77*J77 -> 17.863883 | L77: =I77+K77 -> 136.95643 | M77: =_xlfn.XLOOKUP($D$71,$F$33:$H$33,$F$46:$H$46) -> 1 | N77: =_xlfn.XLOOKUP($D$71,$F$33:$H$33,$F$49:$H$49) -> 0.6 | O77: =I77*M77+K77*N77 -> 129.81088 | P77: =O77/1000 -> 0.12981088 | R77: =O79 -> 248.90343
D78: CHPG | E78: =F$13 -> 80 | F78: =(1+_xlfn.XLOOKUP(D71,'1_Inputs&Hyp'!$F$66:$H$66,'1_Inputs&Hyp'!$F$67:$H$67))^9 -> 1.0459106 | G78: =(1+_xlfn.XLOOKUP($D$71,$F$33:$H$33,$F$37:$H$37))^9 -> 1.4233118 | H78: =(1+_xlfn.XLOOKUP(D71,'1_Inputs&Hyp'!$F$66:$H$66,'1_Inputs&Hyp'!$F$68:$H$68))^9 -> 2.3579477 | I78: =H$13*F78*G78+G$13*H78 -> 188.63582 | J78: =_xlfn.XLOOKUP($D$71,$F$33:$H$33,$F$40:$H$40) -> 0.15 | K78: =I78*J78 -> 28.295372 | L78: =I78+K78 -> 216.93119 | M78: =_xlfn.XLOOKUP($D$71,$F$33:$H$33,$F$46:$H$46) -> 1 | N78: =_xlfn.XLOOKUP($D$71,$F$33:$H$33,$F$49:$H$49) -> 0.6 | O78: =I78*M78+K78*N78 -> 205.61304 | P78: =O78/1000 -> 0.20561304 | R78: =O80 -> 264.8392
D79: Monaco Telecom | E79: =F$14 -> 160 | F79: =(1+_xlfn.XLOOKUP($D$71,$F$33:$H$33,$F$36:$H$36))^9 -> 1.0459106 | G79: =(1+_xlfn.XLOOKUP($D$71,$F$33:$H$33,$F$39:$H$39))^9 -> 1.4233118 | H79: 1 | I79: =H$14*F79*G79+G$14*H79 -> 238.1851 | J79: =_xlfn.XLOOKUP($D$71,$F$33:$H$33,$F$42:$H$42) -> 0.15 | K79: =I79*J79 -> 35.727765 | L79: =I79+K79 -> 273.91287 | M79: =_xlfn.XLOOKUP($D$71,$F$33:$H$33,$F$46:$H$46) -> 1 | N79: =_xlfn.XLOOKUP($D$71,$F$33:$H$33,$F$51:$H$51) -> 0.3 | O79: =I79*M79+K79*N79 -> 248.90343 | P79: =O79/1000 -> 0.24890343 | R79: =O81 -> 611.85584
D80: Finance | E80: =F$15 -> 362.72 | F80: =(1+_xlfn.XLOOKUP($D$71,$F$33:$H$33,$F$35:$H$35))^9 -> 1.0459106 | G80: =(1+_xlfn.XLOOKUP($D$71,$F$33:$H$33,$F$38:$H$38))^9 -> 1.5513282 | H80: 1 | I80: =H$15*F80*G80+G$15*H80 -> 588.53155 | J80: =_xlfn.XLOOKUP($D$71,$F$33:$H$33,$F$41:$H$41) -> 0.25 | K80: =I80*J80 -> 147.13289 | L80: =I80+K80 -> 735.66444 | M80: =_xlfn.XLOOKUP($D$71,$F$33:$H$33,$F$47:$H$47) -> 0.35 | N80: =_xlfn.XLOOKUP($D$71,$F$33:$H$33,$F$50:$H$50) -> 0.4 | O80: =I80*M80+K80*N80 -> 264.8392 | P80: =O80/1000 -> 0.2648392
D81: Privé hors finance | E81: =F$16 -> 1677.6 | F81: =(1+_xlfn.XLOOKUP($D$71,$F$33:$H$33,$F$36:$H$36))^9 -> 1.0459106 | G81: =(1+_xlfn.XLOOKUP($D$71,$F$33:$H$33,$F$39:$H$39))^9 -> 1.4233118 | H81: 1 | I81: =H$16*F81*G81+G$16*H81 -> 2497.3708 | J81: =_xlfn.XLOOKUP($D$71,$F$33:$H$33,$F$42:$H$42) -> 0.15 | K81: =I81*J81 -> 374.60562 | L81: =I81+K81 -> 2871.9764 | M81: =_xlfn.XLOOKUP($D$71,$F$33:$H$33,$F$48:$H$48) -> 0.2 | N81: =_xlfn.XLOOKUP($D$71,$F$33:$H$33,$F$51:$H$51) -> 0.3 | O81: =I81*M81+K81*N81 -> 611.85584 | P81: =O81/1000 -> 0.61185584
D83: TOTAL | E83: =SUM(E74:E81) -> 2470.32 | I83: =SUM(I74:I81) -> 4040.261 | K83: =SUM(K74:K81) -> 664.89231 | L83: =SUM(L74:L81) -> 4705.1533 | O83: =SUM(O74:O81) -> 1906.2277 | P83: =SUM(P74:P81) -> 1.9062277
C86: 3. | D86: Scénario Haut
D88: Bloc | E88: Baseline 2026 | F88: Croissance activité / effectifs | G88: Croissance intensité | H88: Facteur de croissance métier | I88: Besoin hors IA 2035 | J88: Surcouche IA | K88: Besoin IA | L88: Besoin total 2035 | M88: Adressable socle [%] | N88: Adressable IA [%] | O88: Demande adressable 2035 [kW IT] | P88: Demande adressable 2035 [MW IT]
D89: DSP | E89: =F$9 -> 80 | F89: =(1+_xlfn.XLOOKUP($D$86,$F$33:$H$33,$F$34:$H$34))^9 -> 1.0936853 | G89: =(1+_xlfn.XLOOKUP($D$86,$F$33:$H$33,$F$37:$H$37))^9 -> 1.689479 | H89: =('1_Inputs&Hyp'!F59/'1_Inputs&Hyp'!F57)*'1_Inputs&Hyp'!F62 -> 5.3215144 | I89: =H$9*F89*G89+G$9*H89 -> 360.27559 | J89: =_xlfn.XLOOKUP($D$86,$F$33:$H$33,$F$40:$H$40) -> 0.3 | K89: =I89*J89 -> 108.08268 | L89: =I89+K89 -> 468.35826 | M89: =_xlfn.XLOOKUP($D$86,$F$33:$H$33,$F$46:$H$46) -> 1 | N89: =_xlfn.XLOOKUP($D$86,$F$33:$H$33,$F$49:$H$49) -> 1 | O89: =I89*M89+K89*N89 -> 468.35826 | P89: =O89/1000 -> 0.46835826 | R89: =O89 -> 468.35826
D90: Autres entités publiques (incl. APDP, Caisses sociales, DENJS) | E90: =F$10 -> 20 | F90: =(1+_xlfn.XLOOKUP($D$86,$F$33:$H$33,$F$34:$H$34))^9 -> 1.0936853 | G90: =(1+_xlfn.XLOOKUP($D$86,$F$33:$H$33,$F$37:$H$37))^9 -> 1.689479 | H90: 1 | I90: =H$10*F90*G90+G$10*H90 -> 36.955165 | J90: =_xlfn.XLOOKUP($D$86,$F$33:$H$33,$F$40:$H$40) -> 0.3 | K90: =I90*J90 -> 11.08655 | L90: =I90+K90 -> 48.041715 | M90: =_xlfn.XLOOKUP($D$86,$F$33:$H$33,$F$46:$H$46) -> 1 | N90: =_xlfn.XLOOKUP($D$86,$F$33:$H$33,$F$49:$H$49) -> 1 | O90: =I90*M90+K90*N90 -> 48.041715 | P90: =O90/1000 -> 0.048041715 | R90: =O90+O91+O92 -> 322.49878
D91: Corps Sapeurs Pompiers | E91: =F$11 -> 10 | F91: =(1+_xlfn.XLOOKUP($D$86,$F$33:$H$33,$F$34:$H$34))^9 -> 1.0936853 | G91: =(1+_xlfn.XLOOKUP($D$86,$F$33:$H$33,$F$37:$H$37))^9 -> 1.689479 | H91: =(1+_xlfn.XLOOKUP(D86,'1_Inputs&Hyp'!$F$72:$H$72,'1_Inputs&Hyp'!$F$74:$H$74))^9 -> 7.4505806 | I91: =H$11*F91*G91+G$11*H91 -> 63.300161 | J91: =_xlfn.XLOOKUP($D$86,$F$33:$H$33,$F$40:$H$40) -> 0.3 | K91: =I91*J91 -> 18.990048 | L91: =I91+K91 -> 82.29021 | M91: =_xlfn.XLOOKUP($D$86,$F$33:$H$33,$F$46:$H$46) -> 1 | N91: =_xlfn.XLOOKUP($D$86,$F$33:$H$33,$F$49:$H$49) -> 1 | O91: =I91*M91+K91*N91 -> 82.29021 | P91: =O91/1000 -> 0.08229021 | R91: =O93 -> 536.61716
D92: DITN | E92: =F$12 -> 80 | F92: =(1+_xlfn.XLOOKUP($D$86,$F$33:$H$33,$F$34:$H$34))^9 -> 1.0936853 | G92: =(1+_xlfn.XLOOKUP($D$86,$F$33:$H$33,$F$37:$H$37))^9 -> 1.689479 | H92: 1 | I92: =H$12*F92*G92+G$12*H92 -> 147.82066 | J92: =_xlfn.XLOOKUP($D$86,$F$33:$H$33,$F$40:$H$40) -> 0.3 | K92: =I92*J92 -> 44.346198 | L92: =I92+K92 -> 192.16686 | M92: =_xlfn.XLOOKUP($D$86,$F$33:$H$33,$F$46:$H$46) -> 1 | N92: =_xlfn.XLOOKUP($D$86,$F$33:$H$33,$F$49:$H$49) -> 1 | O92: =I92*M92+K92*N92 -> 192.16686 | P92: =O92/1000 -> 0.19216686 | R92: =O94 -> 348.85676
D93: CHPG | E93: =F$13 -> 80 | F93: =(1+_xlfn.XLOOKUP(D86,'1_Inputs&Hyp'!$F$66:$H$66,'1_Inputs&Hyp'!$F$67:$H$67))^9 -> 1.0936853 | G93: =(1+_xlfn.XLOOKUP($D$86,$F$33:$H$33,$F$37:$H$37))^9 -> 1.689479 | H93: =(1+_xlfn.XLOOKUP(D86,'1_Inputs&Hyp'!$F$66:$H$66,'1_Inputs&Hyp'!$F$68:$H$68))^9 -> 5.1597804 | I93: =H$13*F93*G93+G$13*H93 -> 412.78243 | J93: =_xlfn.XLOOKUP($D$86,$F$33:$H$33,$F$40:$H$40) -> 0.3 | K93: =I93*J93 -> 123.83473 | L93: =I93+K93 -> 536.61716 | M93: =_xlfn.XLOOKUP($D$86,$F$33:$H$33,$F$46:$H$46) -> 1 | N93: =_xlfn.XLOOKUP($D$86,$F$33:$H$33,$F$49:$H$49) -> 1 | O93: =I93*M93+K93*N93 -> 536.61716 | P93: =O93/1000 -> 0.53661716 | R93: =O95 -> 610.80514
D94: Monaco Telecom | E94: =F$14 -> 160 | F94: =(1+_xlfn.XLOOKUP($D$86,$F$33:$H$33,$F$36:$H$36))^9 -> 1.0936853 | G94: =(1+_xlfn.XLOOKUP($D$86,$F$33:$H$33,$F$39:$H$39))^9 -> 1.689479 | H94: 1 | I94: =H$14*F94*G94+G$14*H94 -> 295.64132 | J94: =_xlfn.XLOOKUP($D$86,$F$33:$H$33,$F$42:$H$42) -> 0.3 | K94: =I94*J94 -> 88.692396 | L94: =I94+K94 -> 384.33372 | M94: =_xlfn.XLOOKUP($D$86,$F$33:$H$33,$F$46:$H$46) -> 1 | N94: =_xlfn.XLOOKUP($D$86,$F$33:$H$33,$F$51:$H$51) -> 0.6 | O94: =I94*M94+K94*N94 -> 348.85676 | P94: =O94/1000 -> 0.34885676 | R94: =O96 -> 1642.8936
D95: Finance | E95: =F$15 -> 362.72 | F95: =(1+_xlfn.XLOOKUP($D$86,$F$33:$H$33,$F$35:$H$35))^9 -> 1.0936853 | G95: =(1+_xlfn.XLOOKUP($D$86,$F$33:$H$33,$F$38:$H$38))^9 -> 1.8384592 | H95: 1 | I95: =H$15*F95*G95+G$15*H95 -> 729.31957 | J95: =_xlfn.XLOOKUP($D$86,$F$33:$H$33,$F$41:$H$41) -> 0.45 | K95: =I95*J95 -> 328.19381 | L95: =I95+K95 -> 1057.5134 | M95: =_xlfn.XLOOKUP($D$86,$F$33:$H$33,$F$47:$H$47) -> 0.5 | N95: =_xlfn.XLOOKUP($D$86,$F$33:$H$33,$F$50:$H$50) -> 0.75 | O95: =I95*M95+K95*N95 -> 610.80514 | P95: =O95/1000 -> 0.61080514
D96: Privé hors finance | E96: =F$16 -> 1677.6 | F96: =(1+_xlfn.XLOOKUP($D$86,$F$33:$H$33,$F$36:$H$36))^9 -> 1.0936853 | G96: =(1+_xlfn.XLOOKUP($D$86,$F$33:$H$33,$F$39:$H$39))^9 -> 1.689479 | H96: 1 | I96: =H$16*F96*G96+G$16*H96 -> 3099.7993 | J96: =_xlfn.XLOOKUP($D$86,$F$33:$H$33,$F$42:$H$42) -> 0.3 | K96: =I96*J96 -> 929.93978 | L96: =I96+K96 -> 4029.739 | M96: =_xlfn.XLOOKUP($D$86,$F$33:$H$33,$F$48:$H$48) -> 0.35 | N96: =_xlfn.XLOOKUP($D$86,$F$33:$H$33,$F$51:$H$51) -> 0.6 | O96: =I96*M96+K96*N96 -> 1642.8936 | P96: =O96/1000 -> 1.6428936
D98: TOTAL | E98: =SUM(E89:E96) -> 2470.32 | I98: =SUM(I89:I96) -> 5145.8941 | K98: =SUM(K89:K96) -> 1653.1662 | L98: =SUM(L89:L96) -> 6799.0603 | O98: =SUM(O89:O96) -> 3930.0297 | P98: =SUM(P89:P96) -> 3.9300297

Sheet 3_Output
B2: Output – projection des besoins IT à horizon 2035
B3: Comparaison des trois scénarios | Besoin généré vs demande adressable à Monaco
B5: A. Synthèse des trois scénarios
B7: Indicateur | C7: Bas | D7: Central | E7: Haut
B8: Besoin IT total généré 2026 (MW IT) | C8: ='2_Calculs'!$F$17/10^3 -> 2.47032 | D8: ='2_Calculs'!$F$17/10^3 -> 2.47032 | E8: ='2_Calculs'!$F$17/10^3 -> 2.47032
B9: Besoin IT total généré 2035 (MW IT) | C9: ='2_Calculs'!L68/10^3 -> 3.4662904 | D9: ='2_Calculs'!L83/10^3 -> 4.7051533 | E9: ='2_Calculs'!L98/10^3 -> 6.7990603
B10: Demande adressable Monaco 2035 (MW IT) | C10: ='2_Calculs'!P68 -> 1.121376 | D10: ='2_Calculs'!P83 -> 1.9062277 | E10: ='2_Calculs'!P98 -> 3.9300297
B12: Taux adressable moyen | C12: =C10/C9 -> 0.32350897 | D12: =D10/D9 -> 0.40513614 | E12: =E10/E9 -> 0.57802542
B13: Croissance besoin généré 2026–2035 (x) | C13: =C9/C8 -> 1.4031746 | D13: =D9/D8 -> 1.9046736 | E13: =E9/E8 -> 2.7522994
B16: B. Demande adressable 2035 par bloc d'entités
B18: Bloc | C18: Bas | D18: Central | E18: Haut
B19: DSP | C19: ='2_Calculs'!P59 -> 0.35232911 | D19: ='2_Calculs'!P74 -> 0.38532603 | E19: ='2_Calculs'!P89 -> 0.46835826
B20: Autres entités publiques (incl. APDP, Caisses sociales, DENJS) | C20: ='2_Calculs'!P60 -> 0.024200625 | D20: ='2_Calculs'!P75 -> 0.03245272 | E20: ='2_Calculs'!P90 -> 0.048041715
B21: Corps Sapeurs Pompiers | C21: ='2_Calculs'!P61 -> 0.017949696 | D21: ='2_Calculs'!P76 -> 0.027426519 | E21: ='2_Calculs'!P91 -> 0.08229021
B22: DITN | C22: ='2_Calculs'!P62 -> 0.096802498 | D22: ='2_Calculs'!P77 -> 0.12981088 | E22: ='2_Calculs'!P92 -> 0.19216686
B23: CHPG | C23: ='2_Calculs'!P63 -> 0.12565759 | D23: ='2_Calculs'!P78 -> 0.20561304 | E23: ='2_Calculs'!P93 -> 0.53661716
B24: Monaco Telecom | C24: ='2_Calculs'!P64 -> 0.19217089 | D24: ='2_Calculs'!P79 -> 0.24890343 | E24: ='2_Calculs'!P94 -> 0.34885676
B25: Finance | C25: ='2_Calculs'!P65 -> 0.10175248 | D25: ='2_Calculs'!P80 -> 0.2648392 | E25: ='2_Calculs'!P95 -> 0.61080514
B26: Privé hors finance | C26: ='2_Calculs'!P66 -> 0.21051317 | D26: ='2_Calculs'!P81 -> 0.61185584 | E26: ='2_Calculs'!P96 -> 1.6428936
B27: TOTAL | C27: =SUM(C19:C26) -> 1.121376 | D27: =SUM(D19:D26) -> 1.9062277 | E27: =SUM(E19:E26) -> 3.9300297
B28: Ctrl | C28: =C27=C10 -> TRUE | D28: =D27=D10 -> TRUE | E28: =E27=E10 -> TRUE
