Workbook
Name _5111cda8_STF_Fuss_1_CN1: #REF!
Name _5111cda8_STF_Gesamtsumme_1_CN1: #REF!
Name _5111cda8_STF_Gesamtsumme_1_CN2: #REF!
Name _5111cda8_STF_Koerper_1_CN1: #REF!
Name _5111cda8_STF_Koerper_1_CN3: #REF!
Name _5111cda8_STF_Koerper_1_CN4: #REF!
Name _5111cda8_STF_Koerper_1_CN5: #REF!
Name _5111cda8_STF_Koerper_1_CN6: #REF!
Name _5111cda8_STF_Koerper_1_CN7: #REF!
Name _5111cda8_STF_Koerper_1_CN8: #REF!
Name _5111cda8_STF_Tabellenkopf_1_CN1: #REF!
Name _5111cda8_STF_Titel_1_CN1: #REF!
Name _5111cda8_STF_Vorspalte_1_CN1: #REF!
Name _CST2006: #REF!
Name _CST2008: #REF!
Name _TAB7: #REF!
Name b: #N/A
Name bébé: #REF!
Name ChoixTraçage: #REF!
Name COMPTE_D_EXPLOITATION_PAR_BRANCHE: #REF!
Name CST: #REF!
Name CST_2006: #REF!
Name D: {#N/A,#N/A,FALSE,"bel";#N/A,#N/A,FALSE,"neth"}
Name DatesGraphiques: CHOOSE(TableauGraphique,#REF!,#REF!)
Name Données_brutes: #REF!
Name Données_volume: #REF!
Name Données_volume_2: #REF!
Name Données_volume_3: #REF!
Name Données_volume_5: #REF!
Name Donnéesbrutes: #REF!
Name Donnéesbrutes_2: #REF!
Name Donnéesbrutes_3: #REF!
Name Donnéesbrutes_5: #REF!
Name DonnéesCNAM: #REF!
Name DonnéesCNAM_2: #REF!
Name DonnéesCNAM_3: #REF!
Name DonnéesCNAM_5: #REF!
Name DonnéesCVS: #REF!
Name DonnéesDemetra_CT: #REF!
Name DonnéesDemetra_CT_2: #REF!
Name DonnéesDemetra_CT_3: #REF!
Name DonnéesDemetra_CT_5: #REF!
Name Fra: "Graphique 2"
Name Graphiques: #REF!
Name IQ_CH: 110000
Name IQ_DAILY: 500000
Name IQ_FH: 100000
Name IQ_MONTH: 15000
Name IQ_WEEK: 50000
Name JHTK: #REF!
Name k: CHOOSE([0]!ll,#REF!,#REF!)
Name KilométrageDébut: #REF!
Name kk: CHOOSE(TableauGraphique,#REF!,#REF!)
Name nom: #REF!
Name NP: #REF!
Name NP_Description: #REF!
Name poupou: #REF!
Name PT_commencerlarangée: ROW(INDEX(#REF!,MATCH("*",#REF!,0),1))+1
Name PT_rangéedextrémité: COUNTA(#REF!)+PT_commencerlarangée-3
Name rien: #REF!

Sheet Cover
D4: Schéma directeur / Plan stratégique à 10 ans cloud et datacenters
D5: Modélisation de la demande IT Horizon 2035

Sheet 0_Sliding
B2: Sliding
B6: A. | D6: Total 3 scénarios
E8: 2026 | F8: =E8+1 -> 2027 | G8: =F8+1 -> 2028 | H8: =G8+1 -> 2029 | I8: =H8+1 -> 2030 | J8: =I8+1 -> 2031 | K8: =J8+1 -> 2032 | L8: =K8+1 -> 2033 | M8: =L8+1 -> 2034 | N8: =M8+1 -> 2035 | P8: CAGR
D10: Estimation basse | E10: ='3_Output'!$C$8 -> 2.47032 | F10: =E10*(1+_xlfn.RRI($N$8-$E$8,'3_Output'!$C$8,'3_Output'!$C$9)) -> 2.5998048 | G10: =F10*(1+_xlfn.RRI($N$8-$E$8,'3_Output'!$C$8,'3_Output'!$C$9)) -> 2.7360767 | H10: =G10*(1+_xlfn.RRI($N$8-$E$8,'3_Output'!$C$8,'3_Output'!$C$9)) -> 2.8794915 | I10: =H10*(1+_xlfn.RRI($N$8-$E$8,'3_Output'!$C$8,'3_Output'!$C$9)) -> 3.0304235 | J10: =I10*(1+_xlfn.RRI($N$8-$E$8,'3_Output'!$C$8,'3_Output'!$C$9)) -> 3.1892669 | K10: =J10*(1+_xlfn.RRI($N$8-$E$8,'3_Output'!$C$8,'3_Output'!$C$9)) -> 3.3564362 | L10: =K10*(1+_xlfn.RRI($N$8-$E$8,'3_Output'!$C$8,'3_Output'!$C$9)) -> 3.5323678 | M10: =L10*(1+_xlfn.RRI($N$8-$E$8,'3_Output'!$C$8,'3_Output'!$C$9)) -> 3.7175212 | N10: =M10*(1+_xlfn.RRI($N$8-$E$8,'3_Output'!$C$8,'3_Output'!$C$9)) -> 3.9123795 | P10: =_xlfn.RRI($N$8-$E$8,E10,N10) -> 0.052416212 | R10: =N10='3_Output'!C9 -> TRUE
D11: Intermediate estimate | E11: ='3_Output'!$C$8 -> 2.47032 | F11: =E11*(1+_xlfn.RRI($N$8-$E$8,'3_Output'!$D$8,'3_Output'!$D$9)) -> 2.7346632 | G11: =F11*(1+_xlfn.RRI($N$8-$E$8,'3_Output'!$D$8,'3_Output'!$D$9)) -> 3.0272931 | H11: =G11*(1+_xlfn.RRI($N$8-$E$8,'3_Output'!$D$8,'3_Output'!$D$9)) -> 3.3512367 | I11: =H11*(1+_xlfn.RRI($N$8-$E$8,'3_Output'!$D$8,'3_Output'!$D$9)) -> 3.7098447 | J11: =I11*(1+_xlfn.RRI($N$8-$E$8,'3_Output'!$D$8,'3_Output'!$D$9)) -> 4.1068265 | K11: =J11*(1+_xlfn.RRI($N$8-$E$8,'3_Output'!$D$8,'3_Output'!$D$9)) -> 4.5462884 | L11: =K11*(1+_xlfn.RRI($N$8-$E$8,'3_Output'!$D$8,'3_Output'!$D$9)) -> 5.0327761 | M11: =L11*(1+_xlfn.RRI($N$8-$E$8,'3_Output'!$D$8,'3_Output'!$D$9)) -> 5.5713218 | N11: =M11*(1+_xlfn.RRI($N$8-$E$8,'3_Output'!$D$8,'3_Output'!$D$9)) -> 6.1674959 | P11: =_xlfn.RRI($N$8-$E$8,E11,N11) -> 0.10700767 | R11: =N11='3_Output'!D9 -> TRUE
D12: Estimation haute | E12: ='3_Output'!$C$8 -> 2.47032 | F12: =E12*(1+_xlfn.RRI($N$8-$E$8,'3_Output'!$E$8,'3_Output'!$E$9)) -> 2.8228601 | G12: =F12*(1+_xlfn.RRI($N$8-$E$8,'3_Output'!$E$8,'3_Output'!$E$9)) -> 3.2257112 | H12: =G12*(1+_xlfn.RRI($N$8-$E$8,'3_Output'!$E$8,'3_Output'!$E$9)) -> 3.6860534 | I12: =H12*(1+_xlfn.RRI($N$8-$E$8,'3_Output'!$E$8,'3_Output'!$E$9)) -> 4.2120911 | J12: =I12*(1+_xlfn.RRI($N$8-$E$8,'3_Output'!$E$8,'3_Output'!$E$9)) -> 4.8131998 | K12: =J12*(1+_xlfn.RRI($N$8-$E$8,'3_Output'!$E$8,'3_Output'!$E$9)) -> 5.5000929 | L12: =K12*(1+_xlfn.RRI($N$8-$E$8,'3_Output'!$E$8,'3_Output'!$E$9)) -> 6.2850127 | M12: =L12*(1+_xlfn.RRI($N$8-$E$8,'3_Output'!$E$8,'3_Output'!$E$9)) -> 7.1819486 | N12: =M12*(1+_xlfn.RRI($N$8-$E$8,'3_Output'!$E$8,'3_Output'!$E$9)) -> 8.2068865 | P12: =_xlfn.RRI($N$8-$E$8,E12,N12) -> 0.14271028 | R12: =N12='3_Output'!E9 -> TRUE
B15: B. | D15: Total 3 scénarios
F17: Scénario bas | G17: Scénario central | H17: Scénario haut
E18: 2026 | F18: Scénario bas - 2035 | G18: Scénario central - 2035 | H18: Scénario haut - 2035
D20: Privé | E20: =SUM('2_Calculs'!F14:F16)/10^3 -> 2.20032 | F20: =SUMIFS('2_Calculs'!$L:$L,'2_Calculs'!$B:$B,F$17,'2_Calculs'!$C:$C,$D20)/10^3 -> 3.2510733 | G20: =SUMIFS('2_Calculs'!$L:$L,'2_Calculs'!$B:$B,G$17,'2_Calculs'!$C:$C,$D20)/10^3 -> 5.2996684 | H20: =SUMIFS('2_Calculs'!$L:$L,'2_Calculs'!$B:$B,H$17,'2_Calculs'!$C:$C,$D20)/10^3 -> 6.9466397
D21: Public | E21: =SUM('2_Calculs'!F9:F13)/10^3 -> 0.27 | F21: =SUMIFS('2_Calculs'!$L:$L,'2_Calculs'!$B:$B,F$17,'2_Calculs'!$C:$C,$D21)/10^3 -> 0.66130622 | G21: =SUMIFS('2_Calculs'!$L:$L,'2_Calculs'!$B:$B,G$17,'2_Calculs'!$C:$C,$D21)/10^3 -> 0.86782755 | H21: =SUMIFS('2_Calculs'!$L:$L,'2_Calculs'!$B:$B,H$17,'2_Calculs'!$C:$C,$D21)/10^3 -> 1.2602468
B24: C. | D24: Public
B26: 1 | D26: Evolution
E28: 2026 | F28: 2027 | G28: 2028 | H28: 2029 | I28: 2030 | J28: 2031 | K28: 2032 | L28: 2033 | M28: 2034 | N28: 2035 | P28: CAGR
D30: Estimation basse | E30: =SUM('2_Calculs'!$F$9:$F$13) -> 270 | F30: =E30*(1+_xlfn.RRI($N$28-$E$28,$E$30,SUM('2_Calculs'!$L$59:$L$63))) -> 298.25676 | G30: =F30*(1+_xlfn.RRI($N$28-$E$28,$E$30,SUM('2_Calculs'!$L$59:$L$63))) -> 329.47073 | H30: =G30*(1+_xlfn.RRI($N$28-$E$28,$E$30,SUM('2_Calculs'!$L$59:$L$63))) -> 363.95139 | I30: =H30*(1+_xlfn.RRI($N$28-$E$28,$E$30,SUM('2_Calculs'!$L$59:$L$63))) -> 402.0406 | J30: =I30*(1+_xlfn.RRI($N$28-$E$28,$E$30,SUM('2_Calculs'!$L$59:$L$63))) -> 444.11604 | K30: =J30*(1+_xlfn.RRI($N$28-$E$28,$E$30,SUM('2_Calculs'!$L$59:$L$63))) -> 490.59486 | L30: =K30*(1+_xlfn.RRI($N$28-$E$28,$E$30,SUM('2_Calculs'!$L$59:$L$63))) -> 541.93791 | M30: =L30*(1+_xlfn.RRI($N$28-$E$28,$E$30,SUM('2_Calculs'!$L$59:$L$63))) -> 598.65425 | N30: =M30*(1+_xlfn.RRI($N$28-$E$28,$E$30,SUM('2_Calculs'!$L$59:$L$63))) -> 661.30622 | P30: =_xlfn.RRI($N$8-$E$8,E30,N30) -> 0.10465468 | R30: =N30=SUM('2_Calculs'!L59:L63) -> TRUE
D31: Estimation centrale | E31: =SUM('2_Calculs'!$F$9:$F$13) -> 270 | F31: =E31*(1+_xlfn.RRI($N$28-$E$28,$E$30,SUM('2_Calculs'!$L$74:$L$78))) -> 307.40069 | G31: =F31*(1+_xlfn.RRI($N$28-$E$28,$E$30,SUM('2_Calculs'!$L$74:$L$78))) -> 349.98216 | H31: =G31*(1+_xlfn.RRI($N$28-$E$28,$E$30,SUM('2_Calculs'!$L$74:$L$78))) -> 398.46207 | I31: =H31*(1+_xlfn.RRI($N$28-$E$28,$E$30,SUM('2_Calculs'!$L$74:$L$78))) -> 453.65746 | J31: =I31*(1+_xlfn.RRI($N$28-$E$28,$E$30,SUM('2_Calculs'!$L$74:$L$78))) -> 516.49858 | K31: =J31*(1+_xlfn.RRI($N$28-$E$28,$E$30,SUM('2_Calculs'!$L$74:$L$78))) -> 588.04452 | L31: =K31*(1+_xlfn.RRI($N$28-$E$28,$E$30,SUM('2_Calculs'!$L$74:$L$78))) -> 669.50108 | M31: =L31*(1+_xlfn.RRI($N$28-$E$28,$E$30,SUM('2_Calculs'!$L$74:$L$78))) -> 762.24109 | N31: =M31*(1+_xlfn.RRI($N$28-$E$28,$E$30,SUM('2_Calculs'!$L$74:$L$78))) -> 867.82755 | P31: =_xlfn.RRI($N$8-$E$8,E31,N31) -> 0.13852107 | R31: =N31=SUM('2_Calculs'!L74:L78) -> TRUE
D32: Estimation haute | E32: =SUM('2_Calculs'!$F$9:$F$13) -> 270 | F32: =E32*(1+_xlfn.RRI($N$28-$E$28,$E$30,SUM('2_Calculs'!$L$89:$L$93))) -> 320.41092 | G32: =F32*(1+_xlfn.RRI($N$28-$E$28,$E$30,SUM('2_Calculs'!$L$89:$L$93))) -> 380.23391 | H32: =G32*(1+_xlfn.RRI($N$28-$E$28,$E$30,SUM('2_Calculs'!$L$89:$L$93))) -> 451.22627 | I32: =H32*(1+_xlfn.RRI($N$28-$E$28,$E$30,SUM('2_Calculs'!$L$89:$L$93))) -> 535.47342 | J32: =I32*(1+_xlfn.RRI($N$28-$E$28,$E$30,SUM('2_Calculs'!$L$89:$L$93))) -> 635.45011 | K32: =J32*(1+_xlfn.RRI($N$28-$E$28,$E$30,SUM('2_Calculs'!$L$89:$L$93))) -> 754.09315 | L32: =K32*(1+_xlfn.RRI($N$28-$E$28,$E$30,SUM('2_Calculs'!$L$89:$L$93))) -> 894.88769 | M32: =L32*(1+_xlfn.RRI($N$28-$E$28,$E$30,SUM('2_Calculs'!$L$89:$L$93))) -> 1061.9696 | N32: =M32*(1+_xlfn.RRI($N$28-$E$28,$E$30,SUM('2_Calculs'!$L$89:$L$93))) -> 1260.2468 | P32: =_xlfn.RRI($N$8-$E$8,E32,N32) -> 0.18670709 | R32: =N32=SUM('2_Calculs'!L89:L93) -> TRUE
B34: 2 | D34: Répartition
E36: Scénario haut
D38: DITN | E38: ='2_Calculs'!L92 -> 226.89062
D39: Pompiers | E39: ='2_Calculs'!L91 -> 74.217607
D40: DSP | E40: ='2_Calculs'!L89 -> 427.71614
D41: CHPG | E41: ='2_Calculs'!L93 -> 474.69979
D42: Autres entités | E42: ='2_Calculs'!L90 -> 56.722656
B46: D. | D46: Privé
R47: 500 | S47: =0.438 -> 0.438
B48: 1 | D48: Evolution | R48: =R47/S47 -> 1141.5525 | S48: 1
E50: 2026 | F50: 2027 | G50: 2028 | H50: 2029 | I50: 2030 | J50: 2031 | K50: 2032 | L50: 2033 | M50: 2034 | N50: 2035 | P50: CAGR
D52: Estimation basse | E52: =SUM('2_Calculs'!$F$14:$F$16) -> 2200.32 | F52: =E52*(1+_xlfn.RRI($N$28-$E$28,$E$52,SUM('2_Calculs'!$L$64:$L$66))) -> 2297.8609 | G52: =F52*(1+_xlfn.RRI($N$28-$E$28,$E$52,SUM('2_Calculs'!$L$64:$L$66))) -> 2399.7257 | H52: =G52*(1+_xlfn.RRI($N$28-$E$28,$E$52,SUM('2_Calculs'!$L$64:$L$66))) -> 2506.1063 | I52: =H52*(1+_xlfn.RRI($N$28-$E$28,$E$52,SUM('2_Calculs'!$L$64:$L$66))) -> 2617.2027 | J52: =I52*(1+_xlfn.RRI($N$28-$E$28,$E$52,SUM('2_Calculs'!$L$64:$L$66))) -> 2733.2241 | K52: =J52*(1+_xlfn.RRI($N$28-$E$28,$E$52,SUM('2_Calculs'!$L$64:$L$66))) -> 2854.3888 | L52: =K52*(1+_xlfn.RRI($N$28-$E$28,$E$52,SUM('2_Calculs'!$L$64:$L$66))) -> 2980.9247 | M52: =L52*(1+_xlfn.RRI($N$28-$E$28,$E$52,SUM('2_Calculs'!$L$64:$L$66))) -> 3113.07 | N52: =M52*(1+_xlfn.RRI($N$28-$E$28,$E$52,SUM('2_Calculs'!$L$64:$L$66))) -> 3251.0733 | P52: =_xlfn.RRI($N$8-$E$8,E52,N52) -> 0.044330303 | R52: =N52=SUM('2_Calculs'!L64:L66) -> FALSE
D53: Estimation centrale | E53: =SUM('2_Calculs'!$F$14:$F$16) -> 2200.32 | F53: =E53*(1+_xlfn.RRI($N$28-$E$28,$E$52,SUM('2_Calculs'!$L$79:$L$81))) -> 2426.0734 | G53: =F53*(1+_xlfn.RRI($N$28-$E$28,$E$52,SUM('2_Calculs'!$L$79:$L$81))) -> 2674.9892 | H53: =G53*(1+_xlfn.RRI($N$28-$E$28,$E$52,SUM('2_Calculs'!$L$79:$L$81))) -> 2949.4438 | I53: =H53*(1+_xlfn.RRI($N$28-$E$28,$E$52,SUM('2_Calculs'!$L$79:$L$81))) -> 3252.0576 | J53: =I53*(1+_xlfn.RRI($N$28-$E$28,$E$52,SUM('2_Calculs'!$L$79:$L$81))) -> 3585.7195 | K53: =J53*(1+_xlfn.RRI($N$28-$E$28,$E$52,SUM('2_Calculs'!$L$79:$L$81))) -> 3953.6153 | L53: =K53*(1+_xlfn.RRI($N$28-$E$28,$E$52,SUM('2_Calculs'!$L$79:$L$81))) -> 4359.2573 | M53: =L53*(1+_xlfn.RRI($N$28-$E$28,$E$52,SUM('2_Calculs'!$L$79:$L$81))) -> 4806.5183 | N53: =M53*(1+_xlfn.RRI($N$28-$E$28,$E$52,SUM('2_Calculs'!$L$79:$L$81))) -> 5299.6684 | P53: =_xlfn.RRI($N$8-$E$8,E53,N53) -> 0.10260027 | R53: =N53=SUM('2_Calculs'!L79:L81) -> TRUE
D54: Estimation haute | E54: =SUM('2_Calculs'!$F$14:$F$16) -> 2200.32 | F54: =E54*(1+_xlfn.RRI($N$28-$E$28,$E$52,SUM('2_Calculs'!$L$94:$L$96))) -> 2500.1289 | G54: =F54*(1+_xlfn.RRI($N$28-$E$28,$E$52,SUM('2_Calculs'!$L$94:$L$96))) -> 2840.7888 | H54: =G54*(1+_xlfn.RRI($N$28-$E$28,$E$52,SUM('2_Calculs'!$L$94:$L$96))) -> 3227.8659 | I54: =H54*(1+_xlfn.RRI($N$28-$E$28,$E$52,SUM('2_Calculs'!$L$94:$L$96))) -> 3667.6851 | J54: =I54*(1+_xlfn.RRI($N$28-$E$28,$E$52,SUM('2_Calculs'!$L$94:$L$96))) -> 4167.4326 | K54: =J54*(1+_xlfn.RRI($N$28-$E$28,$E$52,SUM('2_Calculs'!$L$94:$L$96))) -> 4735.2742 | L54: =K54*(1+_xlfn.RRI($N$28-$E$28,$E$52,SUM('2_Calculs'!$L$94:$L$96))) -> 5380.4881 | M54: =L54*(1+_xlfn.RRI($N$28-$E$28,$E$52,SUM('2_Calculs'!$L$94:$L$96))) -> 6113.6169 | N54: =M54*(1+_xlfn.RRI($N$28-$E$28,$E$52,SUM('2_Calculs'!$L$94:$L$96))) -> 6946.6397 | P54: =_xlfn.RRI($N$8-$E$8,E54,N54) -> 0.13625694 | R54: =N54=SUM('2_Calculs'!L94:L96) -> TRUE
B57: 2 | D57: Répartition
E59: 2035
D61: Finance | E61: ='2_Calculs'!L95 -> 1734.962
D62: Privé hors finance | E62: ='2_Calculs'!L96 -> 4757.8964
D63: Monaco Telecom | E63: ='2_Calculs'!L94 -> 453.78125
B68: E. | D68: Split total 3 scénarios
F70: Scénario bas | G70: Scénario central | H70: Scénario haut
E71: 2026 | F71: Scénario bas - 2035 | G71: Scénario central - 2035 | H71: Scénario haut - 2035 | K71: 2026 | L71: Scénario bas - 2035 | M71: Scénario central - 2035 | N71: Scénario haut - 2035
D73: DSP | E73: ='2_Calculs'!F9 -> 80 | F73: ='2_Calculs'!L59 -> 368.73304 | G73: ='2_Calculs'!L74 -> 401.33953 | H73: ='2_Calculs'!L89 -> 427.71614 | J73: Privé hors finance | K73: =E80 -> 1677.6 | L73: =F80 -> 2403.8496 | M73: =G80 -> 3858.2419 | N73: =H80 -> 4757.8964
D74: Autres entités publiques (incl. APDP, Caisses sociales, DENJS, DPP) | E74: ='2_Calculs'!F10 -> 20 | F74: ='2_Calculs'!L60 -> 28.658198 | G74: ='2_Calculs'!L75 -> 45.997162 | H74: ='2_Calculs'!L90 -> 56.722656 | J74: Finance | K74: =E79 -> 362.72 | L74: =F79 -> 617.95813 | M74: =G79 -> 1073.4491 | N74: =H79 -> 1734.962
D75: Corps Sapeurs Pompiers | E75: ='2_Calculs'!F11 -> 10 | F75: ='2_Calculs'!L61 -> 18.970625 | G75: ='2_Calculs'!L76 -> 29.002809 | H75: ='2_Calculs'!L91 -> 74.217607 | J75: CHPG | K75: =E77 -> 80 | L75: =F77 -> 130.31157 | M75: =G77 -> 207.4994 | N75: =H77 -> 474.69979
D76: DITN | E76: ='2_Calculs'!F12 -> 80 | F76: ='2_Calculs'!L62 -> 114.63279 | G76: ='2_Calculs'!L77 -> 183.98865 | H76: ='2_Calculs'!L92 -> 226.89062 | J76: Monaco Telecom | K76: =E78 -> 160 | L76: =F78 -> 229.26558 | M76: =G78 -> 367.9773 | N76: =H78 -> 453.78125
D77: CHPG | E77: ='2_Calculs'!F13 -> 80 | F77: ='2_Calculs'!L63 -> 130.31157 | G77: ='2_Calculs'!L78 -> 207.4994 | H77: ='2_Calculs'!L93 -> 474.69979 | J77: DSP | K77: =E73 -> 80 | L77: =F73 -> 368.73304 | M77: =G73 -> 401.33953 | N77: =H73 -> 427.71614
D78: Monaco Telecom | E78: ='2_Calculs'!F14 -> 160 | F78: ='2_Calculs'!L64 -> 229.26558 | G78: ='2_Calculs'!L79 -> 367.9773 | H78: ='2_Calculs'!L94 -> 453.78125 | J78: DITN | K78: =E76 -> 80 | L78: =F76 -> 114.63279 | M78: =G76 -> 183.98865 | N78: =H76 -> 226.89062
D79: Finance | E79: ='2_Calculs'!F15 -> 362.72 | F79: ='2_Calculs'!L65 -> 617.95813 | G79: ='2_Calculs'!L80 -> 1073.4491 | H79: ='2_Calculs'!L95 -> 1734.962 | J79: Corps Sapeurs Pompiers | K79: =E75 -> 10 | L79: =F75 -> 18.970625 | M79: =G75 -> 29.002809 | N79: =H75 -> 74.217607
D80: Privé hors finance | E80: ='2_Calculs'!F16 -> 1677.6 | F80: ='2_Calculs'!L66 -> 2403.8496 | G80: ='2_Calculs'!L81 -> 3858.2419 | H80: ='2_Calculs'!L96 -> 4757.8964 | J80: Autres entités publiques (incl. APDP, Caisses sociales, DENJS, DPP) | K80: =E74 -> 20 | L80: =F74 -> 28.658198 | M80: =G74 -> 45.997162 | N80: =H74 -> 56.722656

Sheet 1_Inputs&Hyp
B2: Inputs & Hypothèses
B6: A. | D6: Baseline 2026
D8: Bloc | E8: Unité | F8: Baseline IT 2026 | G8: Source / commentaire
D9: DSP | E9: kW | F9: 80 | G9: Hypothèse RB sur la base des entretiens
D10: Autres entités publiques (incl. APDP, Caisses sociales, DENJS, DPP) | E10: kW | F10: 20 | G10: Hypothèse RB sur la base des entretiens
D11: Corps Sapeurs Pompiers | E11: kW | F11: 10 | G11: Hypothèse RB sur la base des entretiens
D12: DITN | E12: kW | F12: 80 | G12: Hypothèse RB sur la base des entretiens
D13: CHPG | E13: kW | F13: 80 | G13: Hypothèse RB sur la base des entretiens
D14: Monaco Telecom – besoins propres | E14: kW | F14: =F25*10% -> 160 | G14: Hypothèse RB sur la base des entretiens
D15: Finance | E15: kW | F15: voir onglet calcul | G15: à calculer à partir du modèle
D16: Privé hors finance | E16: kW | F16: voir onglet calcul | G16: à calculer à partir du modèle
D19: Bloc | E19: Unité | F19: Driver / volume 2026 | G19: Source / commentaire
D20: DSP | E20: agents | F20: 628 | G20: Hypothèse RB sur la base des entretiens
D21: Autres entités publiques (incl. APDP, Caisses sociales, DENJS) | E21: kW | G21: Hypothèse RB sur la base des entretiens
D22: Corps Sapeurs Pompiers | E22: kW | G22: Hypothèse RB sur la base des entretiens
D23: DITN | E23: kW | G23: Hypothèse RB sur la base des entretiens
D24: CHPG | E24: kW | G24: Hypothèse RB sur la base des entretiens
D25: Monaco Telecom – besoins propres | E25: kW capacité commerciale | F25: 1600 | G25: Hypothèse RB sur la base des entretiens (10% de la capa commerciale installée)
D26: Finance | E26: salariés | F26: 4534 | G26: 60 454 salariés privés – 4 534 finance (IMSEE, 2024)
D27: Privé hors finance | E27: salariés | F27: 55920 | G27: 60 454 salariés privés – 4 534 finance (IMSEE, 2024)
B31: B. | D31: Hypothèses hors DSP, CHPG
D33: Hypothèse | E33: Unité | F33: Scénario Bas | G33: Scénario Central | H33: Scénario Haut | I33: Source / rationnel
D34: Croissance annuelle effectifs publics | E34: % p.a. | F34: 0.005 | G34: 0.005 | H34: 0.005 | I34: Input (croissance historique)
D35: Croissance annuelle effectifs finance | E35: % p.a. | F35: 0.005 | G35: 0.005 | H35: 0.005 | I35: Input (croissance historique)
D36: Croissance annuelle effectifs privé hors finance | E36: % p.a. | F36: 0.005 | G36: 0.005 | H36: 0.005 | I36: Input (croissance historique)
D37: Croissance annuelle des besoins IT hors IA – public | E37: % p.a. | F37: 0.03 | G37: 0.08 | H37: 0.1 | I37: Hypothèse de travail – besoin IT / utilisateur
D38: Croissance annuelle des besoins IT hors IA – privé finance | E38: % p.a. | F38: 0.05 | G38: 0.1 | H38: 0.15 | I38: Hypothèse de travail – finance plus data-intensive
D39: Croissance annuelle des besoins IT hors IA – privé hors finance | E39: % p.a. | F39: 0.03 | G39: 0.08 | H39: 0.1 | I39: Hypothèse de travail
D40: Besoins IT additionnels liés à l’IA – public | E40: % | F40: 0.05 | G40: 0.1 | H40: 0.15 | I40: Hypothèse de travail
D41: Besoins additionnels liés à l’IA – finance | E41: % | F41: 0.05 | G41: 0.2 | H41: 0.3 | I41: Hypothèse de travail
D42: Besoins additionnels liés à l’IA – hors finance | E42: % | F42: 0.05 | G42: 0.1 | H42: 0.15 | I42: Hypothèse de travail
D43: W IT / salarié finance – 2026 | E43: W / salarié | F43: 80 | G43: 80 | H43: 80 | I43: Input - Morningstar indique dans son 2022 Corporate Sustainability Report 12 224 employés en 2022 ; 6 947 896 kWh de consommation électrique des data centers. 6 947 896 kWh / 12 224 salariés = 568 kWh/salarié/an. Ensnuite 568 / 8 760 = 0,0649 kW = ~65 W/salarié - https://assets.contentstack.io/v3/assets/blt4eb669caa7dc65b2/blt7ae6d78e34f90570/2022_Corporate_Sustainability_Report.pdf
D44: W IT / salarié hors finance – 2026 | E44: W / salarié | F44: 30 | G44: 30 | H44: 30 | I44: Input (borne basse du benchmark)
D45: W IT / agent public – socle non-métier DSP | E45: W / agent | F45: 30 | G45: 30 | H45: 30 | I45: Input (borne basse du benchmark)
... D47: Part adressable Monaco – finance | E47: % | F47: 0.2 | G47: 0.35 | H47: 0.5 | I47: Hypothèse de travail
D48: Part adressable Monaco – privé hors finance | E48: % | F48: 0.1 | G48: 0.2 | H48: 0.35 | I48: Hypothèse de travail | K48: =2^5 -> 32
D49: Part adressable Monaco – surcouche IA public | E49: % | F49: 0.25 | G49: 0.6 | H49: 1 | I49: Externalisée / hybride / locale
D50: Part adressable Monaco – surcouche IA finance | E50: % | F50: 0.15 | G50: 0.4 | H50: 0.75 | I50: Externalisée / hybride / locale
D51: Part adressable Monaco – surcouche IA hors finance | E51: % | F51: 0.1 | G51: 0.3 | H51: 0.6 | I51: Externalisée / hybride / locale
B54: C. | D54: Hypothèses DSP – applications métier (vidéo)
D56: Hypothèse | E56: Unité | F56: Valeur | G56: Type | H56: Source / rationnel
D57: Caméras 2026 | E57: caméras | F57: 1300 | G57: Input | H57: Donnée équipe projet
D58: Ajout annuel de caméras | E58: caméras / an | F58: 50 | G58: Input | H58: Donnée équipe projet
D59: Caméras 2035 | E59: caméras | F59: =F57+9*F58 -> 1750 | G59: Formule | H59: 2026 + 9 × ajout annuel
D60: Résolution actuelle | E60: MP | F60: 2 | G60: Input | H60: Donnée équipe projet
D61: Résolution cible 2035 | E61: MP | F61: 8 | G61: Input | H61: Donnée équipe projet – 4K
D62: Facteur bitrate 8MP / 2MP | E62: x | F62: 3.953125 | G62: Benchmark | H62: Axis H.265, 24–30 fps : 2.53 / 0.64 Mb/s
B64: D. | D64: Hypothèses CHPG
D66: Hypothèse | E66: Unité | F66: Scénario Bas | G66: Scénario Central | H66: Scénario Haut
D67: Croissance annuelle activité CHPG | E67: % p.a. | F67: 0 | G67: 0.005 | H67: 0.01
D68: Surcroît métier santé / digitalisation 2035 | E68: % | F68: 0.05 | G68: 0.1 | H68: 0.2
B70: E. | D70: Hypothèses Pompiers
D72: Hypothèse | E72: Unité | F72: Scénario Bas | G72: Scénario Central | H72: Scénario Haut
D73: Croissance annuelle activité Pompiers | E73: % p.a. | F73: 0 | G73: 0.005 | H73: 0.01
D74: Surcroît métier santé / digitalisation 2035 | E74: % | F74: 0.075 | G74: 0.12 | H74: 0.25
D77: E. Sources principales
D78: IMSEE – Monaco en chiffres 2025 | E78: https://www.imsee.mc/Publications/Monaco-en-chiffres-edition-2025 | F78: Effectifs privés / finance – données 2024
D79: IMSEE – Emploi | E79: https://www.imsee.mc/Population-et-emploi/Emploi | F79: Effectifs salariés privé / public
D80: Axis – Surveillance Card selector | E80: https://www.axis.com/en-be/products/axis-surveillance-card-256-gb | F80: Bitrates indicatifs 2MP / 8MP H.265
D81: Cisco – Green Office Design | E81: https://www.cisco.com/c/dam/en_us/about/ciscoitatwork/downloads/ciscoitatwork/pdf/Cisco_IT_Case_Study_Green_Office_Design.pdf | F81: Contexte énergie IT de bureau ; non utilisé comme ratio DC direct

Sheet 2_Calculs
B2: Calculs
B6: A. | D6: Baseline besoins d'hébergement 2026
D8: Bloc | E8: Unité | F8: Baseline 2026 | G8: Métier 2026 | H8: Non-métier 2026 (kW)
D9: DSP | E9: kW | F9: ='1_Inputs&Hyp'!F9 -> 80 | G9: =F9-H9 -> 61.16 | H9: =F21*G21/1000 -> 18.84
D10: Autres entités publiques (incl. APDP, Caisses sociales, DENJS, DPP) | E10: kW | F10: ='1_Inputs&Hyp'!F10 -> 20 | G10: =F10-H10 -> 0 | H10: =F10 -> 20
D11: Corps Sapeurs Pompiers | E11: kW | F11: ='1_Inputs&Hyp'!F11 -> 10 | G11: =F11-H11 -> 8 | H11: 2
D12: DITN | E12: kW | F12: ='1_Inputs&Hyp'!F12 -> 80 | G12: =F12-H12 -> 0 | H12: =F12 -> 80
D13: CHPG | E13: kW | F13: ='1_Inputs&Hyp'!F13 -> 80 | G13: =F13-H13 -> 80 | H13: 0
D14: Monaco Telecom | E14: kW | F14: ='1_Inputs&Hyp'!F14 -> 160 | G14: =F14-H14 -> 0 | H14: =F14 -> 160
D15: Finance | E15: kW | F15: ='1_Inputs&Hyp'!F26*F43/1000 -> 362.72 | G15: =F15-H15 -> 0 | H15: =F15 -> 362.72
D16: Privé hors finance | E16: kW | F16: ='1_Inputs&Hyp'!F27*F44/1000 -> 1677.6 | G16: =F16-H16 -> 0 | H16: =F16 -> 1677.6
D17: TOTAL | E17: kW | F17: =SUM(F9:F16) -> 2470.32 | G17: =SUM(G9:G16) -> 149.16 | H17: =SUM(H9:H16) -> 2321.16
D20: Bloc | E20: Unité | F20: Effectifs / driver | G20: W IT / utilisateur | H20: Commentaire
D21: DSP | E21: W IT / Utilisateur | F21: ='1_Inputs&Hyp'!F20 -> 628 | G21: =F45 -> 30 | H21: DSP : résiduel vidéo après socle agents
D22: DENJS | E22: n.a. | H22: Projection générique public
D23: APDP | E23: n.a. | H23: Projection générique public
D24: DITN | E24: n.a. | H24: Projection générique public
D25: CHPG | E25: n.a. | H25: CHPG : activité + intensité + digitalisation métier
D26: Monaco Telecom | E26: n.a. | H26: Besoins propres uniquement
D27: Finance | E27: W IT / Utilisateur | F27: ='1_Inputs&Hyp'!F26 -> 4534 | G27: =F43 -> 80 | H27: Effectifs × W/salarié
D28: Privé hors finance | E28: W IT / Utilisateur | F28: ='1_Inputs&Hyp'!F27 -> 55920 | G28: =F44 -> 30 | H28: Effectifs × W/salarié
D29: TOTAL
B31: B. | D31: Hypothèses par scénario
D33: Hypothèse | E33: Unité | F33: Scénario Bas | G33: Scénario Central | H33: Scénario Haut
D34: Croissance annuelle effectifs publics | E34: % p.a. | F34: ='1_Inputs&Hyp'!F34 -> 0.005 | G34: ='1_Inputs&Hyp'!G34 -> 0.005 | H34: ='1_Inputs&Hyp'!H34 -> 0.005
D35: Croissance annuelle effectifs finance | E35: % p.a. | F35: ='1_Inputs&Hyp'!F35 -> 0.005 | G35: ='1_Inputs&Hyp'!G35 -> 0.005 | H35: ='1_Inputs&Hyp'!H35 -> 0.005
D36: Croissance annuelle effectifs privé hors finance | E36: % p.a. | F36: ='1_Inputs&Hyp'!F36 -> 0.005 | G36: ='1_Inputs&Hyp'!G36 -> 0.005 | H36: ='1_Inputs&Hyp'!H36 -> 0.005
D37: Croissance annuelle des besoins IT hors IA – public | E37: % p.a. | F37: ='1_Inputs&Hyp'!F37 -> 0.03 | G37: ='1_Inputs&Hyp'!G37 -> 0.08 | H37: ='1_Inputs&Hyp'!H37 -> 0.1
D38: Croissance annuelle des besoins IT hors IA – privé finance | E38: % p.a. | F38: ='1_Inputs&Hyp'!F38 -> 0.05 | G38: ='1_Inputs&Hyp'!G38 -> 0.1 | H38: ='1_Inputs&Hyp'!H38 -> 0.15
D39: Croissance annuelle des besoins IT hors IA – privé hors finance | E39: % p.a. | F39: ='1_Inputs&Hyp'!F39 -> 0.03 | G39: ='1_Inputs&Hyp'!G39 -> 0.08 | H39: ='1_Inputs&Hyp'!H39 -> 0.1
D40: Besoins IT additionnels liés à l’IA – public | E40: % | F40: ='1_Inputs&Hyp'!F40 -> 0.05 | G40: ='1_Inputs&Hyp'!G40 -> 0.1 | H40: ='1_Inputs&Hyp'!H40 -> 0.15
D41: Besoins additionnels liés à l’IA – finance | E41: % | F41: ='1_Inputs&Hyp'!F41 -> 0.05 | G41: ='1_Inputs&Hyp'!G41 -> 0.2 | H41: ='1_Inputs&Hyp'!H41 -> 0.3
D42: Besoins additionnels liés à l’IA – hors finance | E42: % | F42: ='1_Inputs&Hyp'!F42 -> 0.05 | G42: ='1_Inputs&Hyp'!G42 -> 0.1 | H42: ='1_Inputs&Hyp'!H42 -> 0.15
D43: W IT / salarié finance – 2026 | E43: W | F43: ='1_Inputs&Hyp'!F43 -> 80 | G43: ='1_Inputs&Hyp'!G43 -> 80 | H43: ='1_Inputs&Hyp'!H43 -> 80
D44: W IT / salarié hors finance – 2026 | E44: W | F44: ='1_Inputs&Hyp'!F44 -> 30 | G44: ='1_Inputs&Hyp'!G44 -> 30 | H44: ='1_Inputs&Hyp'!H44 -> 30
D45: W IT / agent public – socle non-métier DSP | E45: W | F45: ='1_Inputs&Hyp'!F45 -> 30 | G45: ='1_Inputs&Hyp'!G45 -> 30 | H45: ='1_Inputs&Hyp'!H45 -> 30
... D51: Part adressable Monaco – surcouche IA hors finance | E51: % | F51: ='1_Inputs&Hyp'!F51 -> 0.1 | G51: ='1_Inputs&Hyp'!G51 -> 0.3 | H51: ='1_Inputs&Hyp'!H51 -> 0.6
B54: C. | D54: Projection 2035 – besoin IT généré et demande adressable
C56: 1. | D56: Scénario bas
D58: Bloc | E58: Baseline 2026 | F58: Croissance activité / effectifs | G58: Croissance intensité | H58: Facteur de croissance métier | I58: Besoin hors IA 2035 | J58: Surcouche IA | K58: Besoin IA | L58: Besoin total 2035 | M58: Adressable socle [%] | N58: Adressable IA [%] | O58: Demande adressable 2035 [kW IT] | P58: Demande adressable 2035 [MW IT]
B59: Scénario bas | C59: Public | D59: DSP | E59: =F$9 -> 80 | F59: =(1+_xlfn.XLOOKUP($D$56,$F$33:$H$33,$F$34:$H$34))^9 -> 1.0459106 | G59: =(1+_xlfn.XLOOKUP($D$56,$F$33:$H$33,$F$37:$H$37))^9 -> 1.3047732 | H59: =('1_Inputs&Hyp'!F59/'1_Inputs&Hyp'!F57)*'1_Inputs&Hyp'!F62 -> 5.3215144 | I59: =H$9*F59*G59+G$9*H59 -> 351.17432 | J59: =_xlfn.XLOOKUP($D$56,$F$33:$H$33,$F$40:$H$40) -> 0.05 | K59: =I59*J59 -> 17.558716 | L59: =I59+K59 -> 368.73304 | M59: =_xlfn.XLOOKUP($D$56,$F$33:$H$33,$F$46:$H$46) -> 1 | N59: =_xlfn.XLOOKUP($D$56,$F$33:$H$33,$F$49:$H$49) -> 0.25 | O59: =I59*M59+K59*N59 -> 355.564 | P59: =O59/1000 -> 0.355564 | R59: =O59 -> 355.564
B60: Scénario bas | C60: Public | D60: Autres entités publiques (incl. APDP, Caisses sociales, DENJS, DPP) | E60: =F$10 -> 20 | F60: =(1+_xlfn.XLOOKUP($D$56,$F$33:$H$33,$F$34:$H$34))^9 -> 1.0459106 | G60: =(1+_xlfn.XLOOKUP($D$56,$F$33:$H$33,$F$37:$H$37))^9 -> 1.3047732 | H60: 1 | I60: =H$10*F60*G60+G$10*H60 -> 27.293522 | J60: =_xlfn.XLOOKUP($D$56,$F$33:$H$33,$F$40:$H$40) -> 0.05 | K60: =I60*J60 -> 1.3646761 | L60: =I60+K60 -> 28.658198 | M60: =_xlfn.XLOOKUP($D$56,$F$33:$H$33,$F$46:$H$46) -> 1 | N60: =_xlfn.XLOOKUP($D$56,$F$33:$H$33,$F$49:$H$49) -> 0.25 | O60: =I60*M60+K60*N60 -> 27.634691 | P60: =O60/1000 -> 0.027634691 | R60: =O60+O61+O62 -> 156.46655
B61: Scénario bas | C61: Public | D61: Corps Sapeurs Pompiers | E61: =F$11 -> 10 | F61: =(1+_xlfn.XLOOKUP($D$56,$F$33:$H$33,$F$34:$H$34))^9 -> 1.0459106 | G61: =(1+_xlfn.XLOOKUP($D$56,$F$33:$H$33,$F$37:$H$37))^9 -> 1.3047732 | H61: =(1+_xlfn.XLOOKUP(D56,'1_Inputs&Hyp'!$F$72:$H$72,'1_Inputs&Hyp'!$F$74:$H$74))^9 -> 1.9172387 | I61: =H$11*F61*G61+G$11*H61 -> 18.067261 | J61: =_xlfn.XLOOKUP($D$56,$F$33:$H$33,$F$40:$H$40) -> 0.05 | K61: =I61*J61 -> 0.90336307 | L61: =I61+K61 -> 18.970625 | M61: =_xlfn.XLOOKUP($D$56,$F$33:$H$33,$F$46:$H$46) -> 1 | N61: =_xlfn.XLOOKUP($D$56,$F$33:$H$33,$F$49:$H$49) -> 0.25 | O61: =I61*M61+K61*N61 -> 18.293102 | P61: =O61/1000 -> 0.018293102 | R61: =O63 -> 125.65759
B62: Scénario bas | C62: Public | D62: DITN | E62: =F$12 -> 80 | F62: =(1+_xlfn.XLOOKUP($D$56,$F$33:$H$33,$F$34:$H$34))^9 -> 1.0459106 | G62: =(1+_xlfn.XLOOKUP($D$56,$F$33:$H$33,$F$37:$H$37))^9 -> 1.3047732 | H62: 1 | I62: =H$12*F62*G62+G$12*H62 -> 109.17409 | J62: =_xlfn.XLOOKUP($D$56,$F$33:$H$33,$F$40:$H$40) -> 0.05 | K62: =I62*J62 -> 5.4587043 | L62: =I62+K62 -> 114.63279 | M62: =_xlfn.XLOOKUP($D$56,$F$33:$H$33,$F$46:$H$46) -> 1 | N62: =_xlfn.XLOOKUP($D$56,$F$33:$H$33,$F$49:$H$49) -> 0.25 | O62: =I62*M62+K62*N62 -> 110.53876 | P62: =O62/1000 -> 0.11053876 | R62: =O64 -> 219.43991
B63: Scénario bas | C63: Public | D63: CHPG | E63: =F$13 -> 80 | F63: =(1+_xlfn.XLOOKUP(D56,'1_Inputs&Hyp'!$F$66:$H$66,'1_Inputs&Hyp'!$F$67:$H$67))^9 -> 1 | G63: =(1+_xlfn.XLOOKUP($D$56,$F$33:$H$33,$F$37:$H$37))^9 -> 1.3047732 | H63: =(1+_xlfn.XLOOKUP(D56,'1_Inputs&Hyp'!$F$66:$H$66,'1_Inputs&Hyp'!$F$68:$H$68))^9 -> 1.5513282 | I63: =H$13*F63*G63+G$13*H63 -> 124.10626 | J63: =_xlfn.XLOOKUP($D$56,$F$33:$H$33,$F$40:$H$40) -> 0.05 | K63: =I63*J63 -> 6.2053129 | L63: =I63+K63 -> 130.31157 | M63: =_xlfn.XLOOKUP($D$56,$F$33:$H$33,$F$46:$H$46) -> 1 | N63: =_xlfn.XLOOKUP($D$56,$F$33:$H$33,$F$49:$H$49) -> 0.25 | O63: =I63*M63+K63*N63 -> 125.65759 | P63: =O63/1000 -> 0.12565759 | R63: =O65 -> 122.1203
B64: Scénario bas | C64: Privé | D64: Monaco Telecom | E64: =F$14 -> 160 | F64: =(1+_xlfn.XLOOKUP($D$56,$F$33:$H$33,$F$36:$H$36))^9 -> 1.0459106 | G64: =(1+_xlfn.XLOOKUP($D$56,$F$33:$H$33,$F$39:$H$39))^9 -> 1.3047732 | H64: 1 | I64: =H$14*F64*G64+G$14*H64 -> 218.34817 | J64: =_xlfn.XLOOKUP($D$56,$F$33:$H$33,$F$42:$H$42) -> 0.05 | K64: =I64*J64 -> 10.917409 | L64: =I64+K64 -> 229.26558 | M64: =_xlfn.XLOOKUP($D$56,$F$33:$H$33,$F$46:$H$46) -> 1 | N64: =_xlfn.XLOOKUP($D$56,$F$33:$H$33,$F$51:$H$51) -> 0.1 | O64: =I64*M64+K64*N64 -> 219.43991 | P64: =O64/1000 -> 0.21943991 | R64: =O66 -> 240.38496
B65: Scénario bas | C65: Privé | D65: Finance | E65: =F$15 -> 362.72 | F65: =(1+_xlfn.XLOOKUP($D$56,$F$33:$H$33,$F$35:$H$35))^9 -> 1.0459106 | G65: =(1+_xlfn.XLOOKUP($D$56,$F$33:$H$33,$F$38:$H$38))^9 -> 1.5513282 | H65: 1 | I65: =H$15*F65*G65+G$15*H65 -> 588.53155 | J65: =_xlfn.XLOOKUP($D$56,$F$33:$H$33,$F$41:$H$41) -> 0.05 | K65: =I65*J65 -> 29.426578 | L65: =I65+K65 -> 617.95813 | M65: =_xlfn.XLOOKUP($D$56,$F$33:$H$33,$F$47:$H$47) -> 0.2 | N65: =_xlfn.XLOOKUP($D$56,$F$33:$H$33,$F$50:$H$50) -> 0.15 | O65: =I65*M65+K65*N65 -> 122.1203 | P65: =O65/1000 -> 0.1221203
B66: Scénario bas | C66: Privé | D66: Privé hors finance | E66: =F$16 -> 1677.6 | F66: =(1+_xlfn.XLOOKUP($D$56,$F$33:$H$33,$F$36:$H$36))^9 -> 1.0459106 | G66: =(1+_xlfn.XLOOKUP($D$56,$F$33:$H$33,$F$39:$H$39))^9 -> 1.3047732 | H66: 1 | I66: =H$16*F66*G66+G$16*H66 -> 2289.3806 | J66: =_xlfn.XLOOKUP($D$56,$F$33:$H$33,$F$42:$H$42) -> 0.05 | K66: =I66*J66 -> 114.46903 | L66: =I66+K66 -> 2403.8496 | M66: =_xlfn.XLOOKUP($D$56,$F$33:$H$33,$F$48:$H$48) -> 0.1 | N66: =_xlfn.XLOOKUP($D$56,$F$33:$H$33,$F$51:$H$51) -> 0.1 | O66: =I66*M66+K66*N66 -> 240.38496 | P66: =O66/1000 -> 0.24038496
B68: Scénario bas | D68: TOTAL | E68: =SUM(E59:E66) -> 2470.32 | I68: =SUM(I59:I66) -> 3726.0758 | K68: =SUM(K59:K66) -> 186.30379 | L68: =SUM(L59:L66) -> 3912.3795 | O68: =SUM(O59:O66) -> 1219.6333 | P68: =SUM(P59:P66) -> 1.2196333
C71: 2. | D71: Scénario central
D73: Bloc | E73: Baseline 2026 | F73: Croissance activité / effectifs | G73: Croissance intensité | H73: Facteur de croissance métier | I73: Besoin hors IA 2035 | J73: Surcouche IA | K73: Besoin IA | L73: Besoin total 2035 | M73: Adressable socle [%] | N73: Adressable IA [%] | O73: Demande adressable 2035 [kW IT] | P73: Demande adressable 2035 [MW IT]
B74: Scénario central | C74: Public | D74: DSP | E74: =F$9 -> 80 | F74: =(1+_xlfn.XLOOKUP($D$71,$F$33:$H$33,$F$34:$H$34))^9 -> 1.0459106 | G74: =(1+_xlfn.XLOOKUP($D$71,$F$33:$H$33,$F$37:$H$37))^9 -> 1.9990046 | H74: =('1_Inputs&Hyp'!F59/'1_Inputs&Hyp'!F57)*'1_Inputs&Hyp'!F62 -> 5.3215144 | I74: =H$9*F74*G74+G$9*H74 -> 364.85412 | J74: =_xlfn.XLOOKUP($D$71,$F$33:$H$33,$F$40:$H$40) -> 0.1 | K74: =I74*J74 -> 36.485412 | L74: =I74+K74 -> 401.33953 | M74: =_xlfn.XLOOKUP($D$71,$F$33:$H$33,$F$46:$H$46) -> 1 | N74: =_xlfn.XLOOKUP($D$71,$F$33:$H$33,$F$49:$H$49) -> 0.6 | O74: =I74*M74+K74*N74 -> 386.74537 | P74: =O74/1000 -> 0.38674537 | R74: =O74 -> 386.74537
B75: Scénario central | C75: Public | D75: Autres entités publiques (incl. APDP, Caisses sociales, DENJS, DPP) | E75: =F$10 -> 20 | F75: =(1+_xlfn.XLOOKUP($D$71,$F$33:$H$33,$F$34:$H$34))^9 -> 1.0459106 | G75: =(1+_xlfn.XLOOKUP($D$71,$F$33:$H$33,$F$37:$H$37))^9 -> 1.9990046 | H75: 1 | I75: =H$10*F75*G75+G$10*H75 -> 41.815602 | J75: =_xlfn.XLOOKUP($D$71,$F$33:$H$33,$F$40:$H$40) -> 0.1 | K75: =I75*J75 -> 4.1815602 | L75: =I75+K75 -> 45.997162 | M75: =_xlfn.XLOOKUP($D$71,$F$33:$H$33,$F$46:$H$46) -> 1 | N75: =_xlfn.XLOOKUP($D$71,$F$33:$H$33,$F$49:$H$49) -> 0.6 | O75: =I75*M75+K75*N75 -> 44.324538 | P75: =O75/1000 -> 0.044324538 | R75: =O75+O76+O77 -> 249.57085
B76: Scénario central | C76: Public | D76: Corps Sapeurs Pompiers | E76: =F$11 -> 10 | F76: =(1+_xlfn.XLOOKUP($D$71,$F$33:$H$33,$F$34:$H$34))^9 -> 1.0459106 | G76: =(1+_xlfn.XLOOKUP($D$71,$F$33:$H$33,$F$37:$H$37))^9 -> 1.9990046 | H76: =(1+_xlfn.XLOOKUP(D71,'1_Inputs&Hyp'!$F$72:$H$72,'1_Inputs&Hyp'!$F$74:$H$74))^9 -> 2.7730788 | I76: =H$11*F76*G76+G$11*H76 -> 26.36619 | J76: =_xlfn.XLOOKUP($D$71,$F$33:$H$33,$F$40:$H$40) -> 0.1 | K76: =I76*J76 -> 2.636619 | L76: =I76+K76 -> 29.002809 | M76: =_xlfn.XLOOKUP($D$71,$F$33:$H$33,$F$46:$H$46) -> 1 | N76: =_xlfn.XLOOKUP($D$71,$F$33:$H$33,$F$49:$H$49) -> 0.6 | O76: =I76*M76+K76*N76 -> 27.948162 | P76: =O76/1000 -> 0.027948162 | R76: =O78 -> 199.95396
B77: Scénario central | C77: Public | D77: DITN | E77: =F$12 -> 80 | F77: =(1+_xlfn.XLOOKUP($D$71,$F$33:$H$33,$F$34:$H$34))^9 -> 1.0459106 | G77: =(1+_xlfn.XLOOKUP($D$71,$F$33:$H$33,$F$37:$H$37))^9 -> 1.9990046 | H77: 1 | I77: =H$12*F77*G77+G$12*H77 -> 167.26241 | J77: =_xlfn.XLOOKUP($D$71,$F$33:$H$33,$F$40:$H$40) -> 0.1 | K77: =I77*J77 -> 16.726241 | L77: =I77+K77 -> 183.98865 | M77: =_xlfn.XLOOKUP($D$71,$F$33:$H$33,$F$46:$H$46) -> 1 | N77: =_xlfn.XLOOKUP($D$71,$F$33:$H$33,$F$49:$H$49) -> 0.6 | O77: =I77*M77+K77*N77 -> 177.29815 | P77: =O77/1000 -> 0.17729815 | R77: =O79 -> 344.56056
B78: Scénario central | C78: Public | D78: CHPG | E78: =F$13 -> 80 | F78: =(1+_xlfn.XLOOKUP(D71,'1_Inputs&Hyp'!$F$66:$H$66,'1_Inputs&Hyp'!$F$67:$H$67))^9 -> 1.0459106 | G78: =(1+_xlfn.XLOOKUP($D$71,$F$33:$H$33,$F$37:$H$37))^9 -> 1.9990046 | H78: =(1+_xlfn.XLOOKUP(D71,'1_Inputs&Hyp'!$F$66:$H$66,'1_Inputs&Hyp'!$F$68:$H$68))^9 -> 2.3579477 | I78: =H$13*F78*G78+G$13*H78 -> 188.63582 | J78: =_xlfn.XLOOKUP($D$71,$F$33:$H$33,$F$40:$H$40) -> 0.1 | K78: =I78*J78 -> 18.863582 | L78: =I78+K78 -> 207.4994 | M78: =_xlfn.XLOOKUP($D$71,$F$33:$H$33,$F$46:$H$46) -> 1 | N78: =_xlfn.XLOOKUP($D$71,$F$33:$H$33,$F$49:$H$49) -> 0.6 | O78: =I78*M78+K78*N78 -> 199.95396 | P78: =O78/1000 -> 0.19995396 | R78: =O80 -> 384.65261
B79: Scénario central | C79: Privé | D79: Monaco Telecom | E79: =F$14 -> 160 | F79: =(1+_xlfn.XLOOKUP($D$71,$F$33:$H$33,$F$36:$H$36))^9 -> 1.0459106 | G79: =(1+_xlfn.XLOOKUP($D$71,$F$33:$H$33,$F$39:$H$39))^9 -> 1.9990046 | H79: 1 | I79: =H$14*F79*G79+G$14*H79 -> 334.52481 | J79: =_xlfn.XLOOKUP($D$71,$F$33:$H$33,$F$42:$H$42) -> 0.1 | K79: =I79*J79 -> 33.452481 | L79: =I79+K79 -> 367.9773 | M79: =_xlfn.XLOOKUP($D$71,$F$33:$H$33,$F$46:$H$46) -> 1 | N79: =_xlfn.XLOOKUP($D$71,$F$33:$H$33,$F$51:$H$51) -> 0.3 | O79: =I79*M79+K79*N79 -> 344.56056 | P79: =O79/1000 -> 0.34456056 | R79: =O81 -> 806.72332
B80: Scénario central | C80: Privé | D80: Finance | E80: =F$15 -> 362.72 | F80: =(1+_xlfn.XLOOKUP($D$71,$F$33:$H$33,$F$35:$H$35))^9 -> 1.0459106 | G80: =(1+_xlfn.XLOOKUP($D$71,$F$33:$H$33,$F$38:$H$38))^9 -> 2.3579477 | H80: 1 | I80: =H$15*F80*G80+G$15*H80 -> 894.54095 | J80: =_xlfn.XLOOKUP($D$71,$F$33:$H$33,$F$41:$H$41) -> 0.2 | K80: =I80*J80 -> 178.90819 | L80: =I80+K80 -> 1073.4491 | M80: =_xlfn.XLOOKUP($D$71,$F$33:$H$33,$F$47:$H$47) -> 0.35 | N80: =_xlfn.XLOOKUP($D$71,$F$33:$H$33,$F$50:$H$50) -> 0.4 | O80: =I80*M80+K80*N80 -> 384.65261 | P80: =O80/1000 -> 0.38465261
B81: Scénario central | C81: Privé | D81: Privé hors finance | E81: =F$16 -> 1677.6 | F81: =(1+_xlfn.XLOOKUP($D$71,$F$33:$H$33,$F$36:$H$36))^9 -> 1.0459106 | G81: =(1+_xlfn.XLOOKUP($D$71,$F$33:$H$33,$F$39:$H$39))^9 -> 1.9990046 | H81: 1 | I81: =H$16*F81*G81+G$16*H81 -> 3507.4927 | J81: =_xlfn.XLOOKUP($D$71,$F$33:$H$33,$F$42:$H$42) -> 0.1 | K81: =I81*J81 -> 350.74927 | L81: =I81+K81 -> 3858.2419 | M81: =_xlfn.XLOOKUP($D$71,$F$33:$H$33,$F$48:$H$48) -> 0.2 | N81: =_xlfn.XLOOKUP($D$71,$F$33:$H$33,$F$51:$H$51) -> 0.3 | O81: =I81*M81+K81*N81 -> 806.72332 | P81: =O81/1000 -> 0.80672332
B83: Scénario central | D83: TOTAL | E83: =SUM(E74:E81) -> 2470.32 | I83: =SUM(I74:I81) -> 5525.4926 | K83: =SUM(K74:K81) -> 642.00335 | L83: =SUM(L74:L81) -> 6167.4959 | O83: =SUM(O74:O81) -> 2372.2067 | P83: =SUM(P74:P81) -> 2.3722067
C86: 3. | D86: Scénario Haut
D88: Bloc | E88: Baseline 2026 | F88: Croissance activité / effectifs | G88: Croissance intensité | H88: Facteur de croissance métier | I88: Besoin hors IA 2035 | J88: Surcouche IA | K88: Besoin IA | L88: Besoin total 2035 | M88: Adressable socle [%] | N88: Adressable IA [%] | O88: Demande adressable 2035 [kW IT] | P88: Demande adressable 2035 [MW IT]
B89: Scénario haut | C89: Public | D89: DSP | E89: =F$9 -> 80 | F89: =(1+_xlfn.XLOOKUP($D$86,$F$33:$H$33,$F$34:$H$34))^9 -> 1.0459106 | G89: =(1+_xlfn.XLOOKUP($D$86,$F$33:$H$33,$F$37:$H$37))^9 -> 2.3579477 | H89: =('1_Inputs&Hyp'!F59/'1_Inputs&Hyp'!F57)*'1_Inputs&Hyp'!F62 -> 5.3215144 | I89: =H$9*F89*G89+G$9*H89 -> 371.92708 | J89: =_xlfn.XLOOKUP($D$86,$F$33:$H$33,$F$40:$H$40) -> 0.15 | K89: =I89*J89 -> 55.789061 | L89: =I89+K89 -> 427.71614 | M89: =_xlfn.XLOOKUP($D$86,$F$33:$H$33,$F$46:$H$46) -> 1 | N89: =_xlfn.XLOOKUP($D$86,$F$33:$H$33,$F$49:$H$49) -> 1 | O89: =I89*M89+K89*N89 -> 427.71614 | P89: =O89/1000 -> 0.42771614 | R89: =O89 -> 427.71614
B90: Scénario haut | C90: Public | D90: Autres entités publiques (incl. APDP, Caisses sociales, DENJS, DPP) | E90: =F$10 -> 20 | F90: =(1+_xlfn.XLOOKUP($D$86,$F$33:$H$33,$F$34:$H$34))^9 -> 1.0459106 | G90: =(1+_xlfn.XLOOKUP($D$86,$F$33:$H$33,$F$37:$H$37))^9 -> 2.3579477 | H90: 1 | I90: =H$10*F90*G90+G$10*H90 -> 49.324049 | J90: =_xlfn.XLOOKUP($D$86,$F$33:$H$33,$F$40:$H$40) -> 0.15 | K90: =I90*J90 -> 7.3986073 | L90: =I90+K90 -> 56.722656 | M90: =_xlfn.XLOOKUP($D$86,$F$33:$H$33,$F$46:$H$46) -> 1 | N90: =_xlfn.XLOOKUP($D$86,$F$33:$H$33,$F$49:$H$49) -> 1 | O90: =I90*M90+K90*N90 -> 56.722656 | P90: =O90/1000 -> 0.056722656 | R90: =O90+O91+O92 -> 357.83089
B91: Scénario haut | C91: Public | D91: Corps Sapeurs Pompiers | E91: =F$11 -> 10 | F91: =(1+_xlfn.XLOOKUP($D$86,$F$33:$H$33,$F$34:$H$34))^9 -> 1.0459106 | G91: =(1+_xlfn.XLOOKUP($D$86,$F$33:$H$33,$F$37:$H$37))^9 -> 2.3579477 | H91: =(1+_xlfn.XLOOKUP(D86,'1_Inputs&Hyp'!$F$72:$H$72,'1_Inputs&Hyp'!$F$74:$H$74))^9 -> 7.4505806 | I91: =H$11*F91*G91+G$11*H91 -> 64.53705 | J91: =_xlfn.XLOOKUP($D$86,$F$33:$H$33,$F$40:$H$40) -> 0.15 | K91: =I91*J91 -> 9.6805574 | L91: =I91+K91 -> 74.217607 | M91: =_xlfn.XLOOKUP($D$86,$F$33:$H$33,$F$46:$H$46) -> 1 | N91: =_xlfn.XLOOKUP($D$86,$F$33:$H$33,$F$49:$H$49) -> 1 | O91: =I91*M91+K91*N91 -> 74.217607 | P91: =O91/1000 -> 0.074217607 | R91: =O93 -> 474.69979
B92: Scénario haut | C92: Public | D92: DITN | E92: =F$12 -> 80 | F92: =(1+_xlfn.XLOOKUP($D$86,$F$33:$H$33,$F$34:$H$34))^9 -> 1.0459106 | G92: =(1+_xlfn.XLOOKUP($D$86,$F$33:$H$33,$F$37:$H$37))^9 -> 2.3579477 | H92: 1 | I92: =H$12*F92*G92+G$12*H92 -> 197.29619 | J92: =_xlfn.XLOOKUP($D$86,$F$33:$H$33,$F$40:$H$40) -> 0.15 | K92: =I92*J92 -> 29.594429 | L92: =I92+K92 -> 226.89062 | M92: =_xlfn.XLOOKUP($D$86,$F$33:$H$33,$F$46:$H$46) -> 1 | N92: =_xlfn.XLOOKUP($D$86,$F$33:$H$33,$F$49:$H$49) -> 1 | O92: =I92*M92+K92*N92 -> 226.89062 | P92: =O92/1000 -> 0.22689062 | R92: =O94 -> 430.1057
B93: Scénario haut | C93: Public | D93: CHPG | E93: =F$13 -> 80 | F93: =(1+_xlfn.XLOOKUP(D86,'1_Inputs&Hyp'!$F$66:$H$66,'1_Inputs&Hyp'!$F$67:$H$67))^9 -> 1.0936853 | G93: =(1+_xlfn.XLOOKUP($D$86,$F$33:$H$33,$F$37:$H$37))^9 -> 2.3579477 | H93: =(1+_xlfn.XLOOKUP(D86,'1_Inputs&Hyp'!$F$66:$H$66,'1_Inputs&Hyp'!$F$68:$H$68))^9 -> 5.1597804 | I93: =H$13*F93*G93+G$13*H93 -> 412.78243 | J93: =_xlfn.XLOOKUP($D$86,$F$33:$H$33,$F$40:$H$40) -> 0.15 | K93: =I93*J93 -> 61.917364 | L93: =I93+K93 -> 474.69979 | M93: =_xlfn.XLOOKUP($D$86,$F$33:$H$33,$F$46:$H$46) -> 1 | N93: =_xlfn.XLOOKUP($D$86,$F$33:$H$33,$F$49:$H$49) -> 1 | O93: =I93*M93+K93*N93 -> 474.69979 | P93: =O93/1000 -> 0.47469979 | R93: =O95 -> 967.57498
B94: Scénario haut | C94: Privé | D94: Monaco Telecom | E94: =F$14 -> 160 | F94: =(1+_xlfn.XLOOKUP($D$86,$F$33:$H$33,$F$36:$H$36))^9 -> 1.0459106 | G94: =(1+_xlfn.XLOOKUP($D$86,$F$33:$H$33,$F$39:$H$39))^9 -> 2.3579477 | H94: 1 | I94: =H$14*F94*G94+G$14*H94 -> 394.59239 | J94: =_xlfn.XLOOKUP($D$86,$F$33:$H$33,$F$42:$H$42) -> 0.15 | K94: =I94*J94 -> 59.188858 | L94: =I94+K94 -> 453.78125 | M94: =_xlfn.XLOOKUP($D$86,$F$33:$H$33,$F$46:$H$46) -> 1 | N94: =_xlfn.XLOOKUP($D$86,$F$33:$H$33,$F$51:$H$51) -> 0.6 | O94: =I94*M94+K94*N94 -> 430.1057 | P94: =O94/1000 -> 0.4301057 | R94: =O96 -> 1820.4125
B95: Scénario haut | C95: Privé | D95: Finance | E95: =F$15 -> 362.72 | F95: =(1+_xlfn.XLOOKUP($D$86,$F$33:$H$33,$F$35:$H$35))^9 -> 1.0459106 | G95: =(1+_xlfn.XLOOKUP($D$86,$F$33:$H$33,$F$38:$H$38))^9 -> 3.5178763 | H95: 1 | I95: =H$15*F95*G95+G$15*H95 -> 1334.5862 | J95: =_xlfn.XLOOKUP($D$86,$F$33:$H$33,$F$41:$H$41) -> 0.3 | K95: =I95*J95 -> 400.37585 | L95: =I95+K95 -> 1734.962 | M95: =_xlfn.XLOOKUP($D$86,$F$33:$H$33,$F$47:$H$47) -> 0.5 | N95: =_xlfn.XLOOKUP($D$86,$F$33:$H$33,$F$50:$H$50) -> 0.75 | O95: =I95*M95+K95*N95 -> 967.57498 | P95: =O95/1000 -> 0.96757498
B96: Scénario haut | C96: Privé | D96: Privé hors finance | E96: =F$16 -> 1677.6 | F96: =(1+_xlfn.XLOOKUP($D$86,$F$33:$H$33,$F$36:$H$36))^9 -> 1.0459106 | G96: =(1+_xlfn.XLOOKUP($D$86,$F$33:$H$33,$F$39:$H$39))^9 -> 2.3579477 | H96: 1 | I96: =H$16*F96*G96+G$16*H96 -> 4137.3012 | J96: =_xlfn.XLOOKUP($D$86,$F$33:$H$33,$F$42:$H$42) -> 0.15 | K96: =I96*J96 -> 620.59518 | L96: =I96+K96 -> 4757.8964 | M96: =_xlfn.XLOOKUP($D$86,$F$33:$H$33,$F$48:$H$48) -> 0.35 | N96: =_xlfn.XLOOKUP($D$86,$F$33:$H$33,$F$51:$H$51) -> 0.6 | O96: =I96*M96+K96*N96 -> 1820.4125 | P96: =O96/1000 -> 1.8204125
B98: Scénario haut | D98: TOTAL | E98: =SUM(E89:E96) -> 2470.32 | I98: =SUM(I89:I96) -> 6962.3466 | K98: =SUM(K89:K96) -> 1244.5399 | L98: =SUM(L89:L96) -> 8206.8865 | O98: =SUM(O89:O96) -> 4478.34 | P98: =SUM(P89:P96) -> 4.47834

Sheet 3_Output
B2: Output – projection des besoins IT à horizon 2035
B3: Comparaison des trois scénarios | Besoin généré vs demande adressable à Monaco
B5: A. Synthèse des trois scénarios
B7: Indicateur | C7: Bas | D7: Central | E7: Haut
B8: Besoin IT total généré 2026 (MW IT) | C8: ='2_Calculs'!$F$17/10^3 -> 2.47032 | D8: ='2_Calculs'!$F$17/10^3 -> 2.47032 | E8: ='2_Calculs'!$F$17/10^3 -> 2.47032
B9: Besoin IT total généré 2035 (MW IT) | C9: ='2_Calculs'!L68/10^3 -> 3.9123795 | D9: ='2_Calculs'!L83/10^3 -> 6.1674959 | E9: ='2_Calculs'!L98/10^3 -> 8.2068865
B10: Demande adressable Monaco 2035 (MW IT) | C10: ='2_Calculs'!P68 -> 1.2196333 | D10: ='2_Calculs'!P83 -> 2.3722067 | E10: ='2_Calculs'!P98 -> 4.47834
B12: Taux adressable moyen | C12: =C10/C9 -> 0.31173696 | D12: =D10/D9 -> 0.38463044 | E12: =E10/E9 -> 0.54568076
B13: Croissance besoin généré 2026–2035 (x) | C13: =C9/C8 -> 1.5837541 | D13: =D9/D8 -> 2.4966385 | E13: =E9/E8 -> 3.3221957
B16: B. Demande adressable 2035 par bloc d'entités
B18: Bloc | C18: Bas | D18: Central | E18: Haut
B19: DSP | C19: ='2_Calculs'!P59 -> 0.355564 | D19: ='2_Calculs'!P74 -> 0.38674537 | E19: ='2_Calculs'!P89 -> 0.42771614
B20: Autres entités publiques (incl. APDP, Caisses sociales, DENJS, DPP) | C20: ='2_Calculs'!P60 -> 0.027634691 | D20: ='2_Calculs'!P75 -> 0.044324538 | E20: ='2_Calculs'!P90 -> 0.056722656
B21: Corps Sapeurs Pompiers | C21: ='2_Calculs'!P61 -> 0.018293102 | D21: ='2_Calculs'!P76 -> 0.027948162 | E21: ='2_Calculs'!P91 -> 0.074217607
B22: DITN | C22: ='2_Calculs'!P62 -> 0.11053876 | D22: ='2_Calculs'!P77 -> 0.17729815 | E22: ='2_Calculs'!P92 -> 0.22689062
B23: CHPG | C23: ='2_Calculs'!P63 -> 0.12565759 | D23: ='2_Calculs'!P78 -> 0.19995396 | E23: ='2_Calculs'!P93 -> 0.47469979
B24: Monaco Telecom | C24: ='2_Calculs'!P64 -> 0.21943991 | D24: ='2_Calculs'!P79 -> 0.34456056 | E24: ='2_Calculs'!P94 -> 0.4301057
B25: Finance | C25: ='2_Calculs'!P65 -> 0.1221203 | D25: ='2_Calculs'!P80 -> 0.38465261 | E25: ='2_Calculs'!P95 -> 0.96757498
B26: Privé hors finance | C26: ='2_Calculs'!P66 -> 0.24038496 | D26: ='2_Calculs'!P81 -> 0.80672332 | E26: ='2_Calculs'!P96 -> 1.8204125
B27: TOTAL | C27: =SUM(C19:C26) -> 1.2196333 | D27: =SUM(D19:D26) -> 2.3722067 | E27: =SUM(E19:E26) -> 4.47834
B28: Ctrl | C28: =C27=C10 -> TRUE | D28: =D27=D10 -> TRUE | E28: =E27=E10 -> TRUE
